first_field;image_html;french;french_audio_html;spanish
accident - french;"<img src=""vocab-accident.jpg"">";accident;[sound:vocab-french-accident.mp3];accidente
actor - french;"<img src=""vocab-actor.jpg"">";acteur;[sound:vocab-french-acteur.mp3];actor
adult - french;"<img src=""vocab-adult.jpg"">";adulte;[sound:vocab-french-adulte.mp3];adulto
afternoon - french;"<img src=""vocab-afternoon.jpg"">";après-midi;[sound:vocab-french-après-midi.mp3];tarde
air - french;"<img src=""vocab-air.jpg"">";air;[sound:vocab-french-air.mp3];aire
airport - french;"<img src=""vocab-airport.jpg"">";aéroport;[sound:vocab-french-aéroport.mp3];aeropuerto
alive - french;"<img src=""vocab-alive.jpg"">";vivant;[sound:vocab-french-vivant.mp3];vivo
alone - french;"<img src=""vocab-alone.jpg"">";seul;[sound:vocab-french-seul.mp3];solo
animal - french;"<img src=""vocab-animal.jpg"">";animal;[sound:vocab-french-animal.mp3];animal
answer - french;"<img src=""vocab-answer.jpg"">";répondre;[sound:vocab-french-répondre.mp3];contestar
apartment - french;"<img src=""vocab-apartment.jpg"">";appartement;[sound:vocab-french-appartement.mp3];apartamento
apple - french;"<img src=""vocab-apple.jpg"">";pomme;[sound:vocab-french-pomme.mp3];manzana
April - french;"<img src=""vocab-April.jpg"">";avril;[sound:vocab-french-avril.mp3];abril
arm - french;"<img src=""vocab-arm.jpg"">";bras;[sound:vocab-french-bras.mp3];brazo
army - french;"<img src=""vocab-army.jpg"">";armée;[sound:vocab-french-armée.mp3];ejército
art - french;"<img src=""vocab-art.jpg"">";art;[sound:vocab-french-art.mp3];arte
artist - french;"<img src=""vocab-artist.jpg"">";artiste;[sound:vocab-french-artiste.mp3];artista
ask - french;"<img src=""vocab-ask.jpg"">";demander;[sound:vocab-french-demander.mp3];preguntar
attack - french;"<img src=""vocab-attack.jpg"">";attaque;[sound:vocab-french-attaque.mp3];ataque
August - french;"<img src=""vocab-August.jpg"">";août;[sound:vocab-french-août.mp3];agosto
author - french;"<img src=""vocab-author.jpg"">";auteur;[sound:vocab-french-auteur.mp3];autor
baby - french;"<img src=""vocab-baby.jpg"">";bébé;[sound:vocab-french-bébé.mp3];bebé
back (body) - french;"<img src=""vocab-back (body).jpg"">";dos;[sound:vocab-french-dos.mp3];espalda
back (direction) - french;"<img src=""vocab-back (direction).jpg"">";arrière;[sound:vocab-french-arrière.mp3];atrás
bad - french;"<img src=""vocab-bad.jpg"">";mal;[sound:vocab-french-mal.mp3];malo
bag - french;"<img src=""vocab-bag.jpg"">";sac;[sound:vocab-french-sac.mp3];bolso
ball - french;"<img src=""vocab-ball.jpg"">";balle;[sound:vocab-french-balle.mp3];pelota
banana - french;"<img src=""vocab-banana.jpg"">";banane;[sound:vocab-french-banane.mp3];plátano
band - french;"<img src=""vocab-band.jpg"">";bande;[sound:vocab-french-bande.mp3];banda
bank - french;"<img src=""vocab-bank.jpg"">";banque;[sound:vocab-french-banque.mp3];banco
bar - french;"<img src=""vocab-bar.jpg"">";bar;[sound:vocab-french-bar.mp3];bar
bathroom - french;"<img src=""vocab-bathroom.jpg"">";salle de bain;[sound:vocab-french-salle de bain.mp3];baño
beach - french;"<img src=""vocab-beach.jpg"">";plage;[sound:vocab-french-plage.mp3];playa
beard - french;"<img src=""vocab-beard.jpg"">";barbe;[sound:vocab-french-barbe.mp3];barba
beat - french;"<img src=""vocab-beat.jpg"">";battre;[sound:vocab-french-battre.mp3];derrotar
beautiful - french;"<img src=""vocab-beautiful.jpg"">";belle;[sound:vocab-french-belle.mp3];hermoso
bed - french;"<img src=""vocab-bed.jpg"">";lit;[sound:vocab-french-lit.mp3];cama
bedroom - french;"<img src=""vocab-bedroom.jpg"">";chambre à coucher;[sound:vocab-french-chambre à coucher.mp3];habitación
beef - french;"<img src=""vocab-beef.jpg"">";boeuf;[sound:vocab-french-boeuf.mp3];carne de vaca
beer - french;"<img src=""vocab-beer.jpg"">";bière;[sound:vocab-french-bière.mp3];cerveza
bend - french;"<img src=""vocab-bend.jpg"">";plier;[sound:vocab-french-plier.mp3];doblar
beverage - french;"<img src=""vocab-beverage.jpg"">";boisson;[sound:vocab-french-boisson.mp3];bebida
bicycle - french;"<img src=""vocab-bicycle.jpg"">";vélo;[sound:vocab-french-vélo.mp3];bicicleta
big - french;"<img src=""vocab-big.jpg"">";grand;[sound:vocab-french-grand.mp3];grande
bill - french;"<img src=""vocab-bill.jpg"">";facture;[sound:vocab-french-facture.mp3];cuenta
billion - french;"<img src=""vocab-billion.jpg"">";milliard;[sound:vocab-french-milliard.mp3];mil millones
bird - french;"<img src=""vocab-bird.jpg"">";oiseau;[sound:vocab-french-oiseau.mp3];pájaro
black - french;"<img src=""vocab-black.jpg"">";noir;[sound:vocab-french-noir.mp3];negro
blind - french;"<img src=""vocab-blind.jpg"">";aveugle;[sound:vocab-french-aveugle.mp3];ciego
blood - french;"<img src=""vocab-blood.jpg"">";sang;[sound:vocab-french-sang.mp3];sangre
blue - french;"<img src=""vocab-blue.jpg"">";bleu;[sound:vocab-french-bleu.mp3];azul
boat - french;"<img src=""vocab-boat.jpg"">";bateau;[sound:vocab-french-bateau.mp3];bote
body - french;"<img src=""vocab-body.jpg"">";corps;[sound:vocab-french-corps.mp3];cuerpo
bone - french;"<img src=""vocab-bone.jpg"">";os;[sound:vocab-french-os.mp3];hueso
book - french;"<img src=""vocab-book.jpg"">";livre;[sound:vocab-french-livre.mp3];libro
bottle - french;"<img src=""vocab-bottle.jpg"">";bouteille;[sound:vocab-french-bouteille.mp3];botella
bottom - french;"<img src=""vocab-bottom.jpg"">";bas;[sound:vocab-french-bas.mp3];fondo
box - french;"<img src=""vocab-box.jpg"">";boîte;[sound:vocab-french-boîte.mp3];caja
boy - french;"<img src=""vocab-boy.jpg"">";garçon;[sound:vocab-french-garçon.mp3];muchacho
brain - french;"<img src=""vocab-brain.jpg"">";cerveau;[sound:vocab-french-cerveau.mp3];cerebro
bread - french;"<img src=""vocab-bread.jpg"">";pain;[sound:vocab-french-pain.mp3];pan
break - french;"<img src=""vocab-break.jpg"">";pause;[sound:vocab-french-pause.mp3];romper
breakfast - french;"<img src=""vocab-breakfast.jpg"">";petit-déjeuner;[sound:vocab-french-petit-déjeuner.mp3];desayuno
bridge - french;"<img src=""vocab-bridge.jpg"">";pont;[sound:vocab-french-pont.mp3];puente
bring - french;"<img src=""vocab-bring.jpg"">";apporter;[sound:vocab-french-apporter.mp3];traer
brother - french;"<img src=""vocab-brother.jpg"">";frère;[sound:vocab-french-frère.mp3];hermano
brown - french;"<img src=""vocab-brown.jpg"">";marron;[sound:vocab-french-marron.mp3];marrón
build - french;"<img src=""vocab-build.jpg"">";construire;[sound:vocab-french-construire.mp3];construir
building - french;"<img src=""vocab-building.jpg"">";bâtiment;[sound:vocab-french-bâtiment.mp3];edificio
burn - french;"<img src=""vocab-burn.jpg"">";brûler;[sound:vocab-french-brûler.mp3];quemar
bus - french;"<img src=""vocab-bus.jpg"">";bus;[sound:vocab-french-bus.mp3];autobús
buy - french;"<img src=""vocab-buy.jpg"">";acheter;[sound:vocab-french-acheter.mp3];comprar
cake - french;"<img src=""vocab-cake.jpg"">";gâteau;[sound:vocab-french-gâteau.mp3];pastel
call - french;"<img src=""vocab-call.jpg"">";appeler;[sound:vocab-french-appeler.mp3];llamar
camera - french;"<img src=""vocab-camera.jpg"">";caméra;[sound:vocab-french-caméra.mp3];cámara
camp - french;"<img src=""vocab-camp.jpg"">";camp;[sound:vocab-french-camp.mp3];campamento
car - french;"<img src=""vocab-car.jpg"">";voiture;[sound:vocab-french-voiture.mp3];carro
card - french;"<img src=""vocab-card.jpg"">";carte;[sound:vocab-french-carte.mp3];tarjeta
carry - french;"<img src=""vocab-carry.jpg"">";porter;[sound:vocab-french-porter.mp3];llevar
cat - french;"<img src=""vocab-cat.jpg"">";chat;[sound:vocab-french-chat.mp3];gato
catch - french;"<img src=""vocab-catch.jpg"">";attraper;[sound:vocab-french-attraper.mp3];capturar
ceiling - french;"<img src=""vocab-ceiling.jpg"">";plafond;[sound:vocab-french-plafond.mp3];techo
cell phone - french;"<img src=""vocab-cell phone.jpg"">";téléphone cellulaire;[sound:vocab-french-téléphone cellulaire.mp3];celular
centimeter - french;"<img src=""vocab-centimeter.jpg"">";centimètre;[sound:vocab-french-centimètre.mp3];centímetro
chair - french;"<img src=""vocab-chair.jpg"">";chaise;[sound:vocab-french-chaise.mp3];silla
cheap - french;"<img src=""vocab-cheap.jpg"">";bon marché;[sound:vocab-french-bon marché.mp3];barato
cheese - french;"<img src=""vocab-cheese.jpg"">";fromage;[sound:vocab-french-fromage.mp3];queso
chicken - french;"<img src=""vocab-chicken.jpg"">";poulet;[sound:vocab-french-poulet.mp3];pollo
child - french;"<img src=""vocab-child.jpg"">";enfant;[sound:vocab-french-enfant.mp3];niño
church - french;"<img src=""vocab-church.jpg"">";église;[sound:vocab-french-église.mp3];iglesia
circle - french;"<img src=""vocab-circle.jpg"">";cercle;[sound:vocab-french-cercle.mp3];círculo
city - french;"<img src=""vocab-city.jpg"">";ville;[sound:vocab-french-ville.mp3];ciudad
clay - french;"<img src=""vocab-clay.jpg"">";argile;[sound:vocab-french-argile.mp3];arcilla
clean (adjective) - french;"<img src=""vocab-clean (adjective).jpg"">";propre;[sound:vocab-french-propre.mp3];limpio
clean (verb) - french;"<img src=""vocab-clean (verb).jpg"">";nettoyer;[sound:vocab-french-nettoyer.mp3];limpiar
clock - french;"<img src=""vocab-clock.jpg"">";horloge;[sound:vocab-french-horloge.mp3];reloj
close - french;"<img src=""vocab-close.jpg"">";fermer;[sound:vocab-french-fermer.mp3];cerrar
clothing - french;"<img src=""vocab-clothing.jpg"">";vêtements;[sound:vocab-french-vêtements.mp3];ropa
club - french;"<img src=""vocab-club.jpg"">";club;[sound:vocab-french-club.mp3];club
coat - french;"<img src=""vocab-coat.jpg"">";manteau;[sound:vocab-french-manteau.mp3];saco
coffee - french;"<img src=""vocab-coffee.jpg"">";café;[sound:vocab-french-café.mp3];café
cold - french;"<img src=""vocab-cold.jpg"">";froid;[sound:vocab-french-froid.mp3];frío
color - french;"<img src=""vocab-color.jpg"">";couleur;[sound:vocab-french-couleur.mp3];color
come - french;"<img src=""vocab-come.jpg"">";venir;[sound:vocab-french-venir.mp3];venir
computer - french;"<img src=""vocab-computer.jpg"">";ordinateur;[sound:vocab-french-ordinateur.mp3];computadora
consonant - french;"<img src=""vocab-consonant.jpg"">";consonne;[sound:vocab-french-consonne.mp3];consonante
contract - french;"<img src=""vocab-contract.jpg"">";contrat;[sound:vocab-french-contrat.mp3];contrato
cook - french;"<img src=""vocab-cook.jpg"">";cuisiner;[sound:vocab-french-cuisiner.mp3];cocinar
copper - french;"<img src=""vocab-copper.jpg"">";cuivre;[sound:vocab-french-cuivre.mp3];cobre
corn - french;"<img src=""vocab-corn.jpg"">";maïs;[sound:vocab-french-maïs.mp3];maíz
corner - french;"<img src=""vocab-corner.jpg"">";coin;[sound:vocab-french-coin.mp3];esquina
count - french;"<img src=""vocab-count.jpg"">";compter;[sound:vocab-french-compter.mp3];contar
country - french;"<img src=""vocab-country.jpg"">";pays;[sound:vocab-french-pays.mp3];país
court - french;"<img src=""vocab-court.jpg"">";cour;[sound:vocab-french-cour.mp3];corte
cow - french;"<img src=""vocab-cow.jpg"">";vache;[sound:vocab-french-vache.mp3];vaca
crowd - french;"<img src=""vocab-crowd.jpg"">";foule;[sound:vocab-french-foule.mp3];multitud
cry - french;"<img src=""vocab-cry.jpg"">";pleurer;[sound:vocab-french-pleurer.mp3];llorar
cup - french;"<img src=""vocab-cup.jpg"">";tasse;[sound:vocab-french-tasse.mp3];taza
curved - french;"<img src=""vocab-curved.jpg"">";incurvé;[sound:vocab-french-incurvé.mp3];curvo
cut - french;"<img src=""vocab-cut.jpg"">";couper;[sound:vocab-french-couper.mp3];cortar
dance - french;"<img src=""vocab-dance.jpg"">";danser;[sound:vocab-french-danser.mp3];bailar
dark - french;"<img src=""vocab-dark.jpg"">";sombre;[sound:vocab-french-sombre.mp3];oscuro
date - french;"<img src=""vocab-date.jpg"">";date;[sound:vocab-french-date.mp3];fecha
daughter - french;"<img src=""vocab-daughter.jpg"">";fille;[sound:vocab-french-fille.mp3];hija
day - french;"<img src=""vocab-day.jpg"">";journée;[sound:vocab-french-journée.mp3];día
dead - french;"<img src=""vocab-dead.jpg"">";morte;[sound:vocab-french-morte.mp3];muerto
deaf - french;"<img src=""vocab-deaf.jpg"">";sourd;[sound:vocab-french-sourd.mp3];sordo
death - french;"<img src=""vocab-death.jpg"">";mort;[sound:vocab-french-mort.mp3];muerte
December - french;"<img src=""vocab-December.jpg"">";décembre;[sound:vocab-french-décembre.mp3];diciembre
deep - french;"<img src=""vocab-deep.jpg"">";profond;[sound:vocab-french-profond.mp3];profundo
diamond - french;"<img src=""vocab-diamond.jpg"">";diamant;[sound:vocab-french-diamant.mp3];diamante
die - french;"<img src=""vocab-die.jpg"">";mourir;[sound:vocab-french-mourir.mp3];morir
difficult - french;"<img src=""vocab-difficult.jpg"">";difficile;[sound:vocab-french-difficile.mp3];difícil
dig - french;"<img src=""vocab-dig.jpg"">";creuser;[sound:vocab-french-creuser.mp3];cavar
dinner - french;"<img src=""vocab-dinner.jpg"">";dîner;[sound:vocab-french-dîner.mp3];cena
direction - french;"<img src=""vocab-direction.jpg"">";direction;[sound:vocab-french-direction.mp3];dirección
dirty - french;"<img src=""vocab-dirty.jpg"">";sale;[sound:vocab-french-sale.mp3];sucio
disease - french;"<img src=""vocab-disease.jpg"">";maladie;[sound:vocab-french-maladie.mp3];enfermedad
doctor - french;"<img src=""vocab-doctor.jpg"">";docteur;[sound:vocab-french-docteur.mp3];doctor
dog - french;"<img src=""vocab-dog.jpg"">";chien;[sound:vocab-french-chien.mp3];perro
dollar - french;"<img src=""vocab-dollar.jpg"">";dollar;[sound:vocab-french-dollar.mp3];dólar
door - french;"<img src=""vocab-door.jpg"">";porte;[sound:vocab-french-porte.mp3];puerta
dot - french;"<img src=""vocab-dot.jpg"">";point;[sound:vocab-french-point.mp3];punto
down - french;"<img src=""vocab-down.jpg"">";dessous;[sound:vocab-french-dessous.mp3];abajo
draw - french;"<img src=""vocab-draw.jpg"">";dessiner;[sound:vocab-french-dessiner.mp3];dibujar
dream - french;"<img src=""vocab-dream.jpg"">";rêver;[sound:vocab-french-rêver.mp3];sueño
dress - french;"<img src=""vocab-dress.jpg"">";robe;[sound:vocab-french-robe.mp3];vestido
drink - french;"<img src=""vocab-drink.jpg"">";boire;[sound:vocab-french-boire.mp3];beber
drive - french;"<img src=""vocab-drive.jpg"">";conduire;[sound:vocab-french-conduire.mp3];manejar
drug - french;"<img src=""vocab-drug.jpg"">";drogue;[sound:vocab-french-drogue.mp3];droga
dry - french;"<img src=""vocab-dry.jpg"">";sécher;[sound:vocab-french-sécher.mp3];seco
dust - french;"<img src=""vocab-dust.jpg"">";poussière;[sound:vocab-french-poussière.mp3];polvo
ear - french;"<img src=""vocab-ear.jpg"">";oreille;[sound:vocab-french-oreille.mp3];oreja
Earth - french;"<img src=""vocab-Earth.jpg"">";terre;[sound:vocab-french-terre.mp3];tierra
east - french;"<img src=""vocab-east.jpg"">";est;[sound:vocab-french-est.mp3];este
easy - french;"<img src=""vocab-easy.jpg"">";facile;[sound:vocab-french-facile.mp3];fácil
eat - french;"<img src=""vocab-eat.jpg"">";manger;[sound:vocab-french-manger.mp3];comer
edge - french;"<img src=""vocab-edge.jpg"">";bord;[sound:vocab-french-bord.mp3];borde
egg - french;"<img src=""vocab-egg.jpg"">";œuf;[sound:vocab-french-œuf.mp3];huevo
eight - french;"<img src=""vocab-eight.jpg"">";huit;[sound:vocab-french-huit.mp3];ocho
eighteen - french;"<img src=""vocab-eighteen.jpg"">";dix-huit;[sound:vocab-french-dix-huit.mp3];dieciocho
eighty - french;"<img src=""vocab-eighty.jpg"">";quatre-vingts;[sound:vocab-french-quatre-vingts.mp3];ochenta
election - french;"<img src=""vocab-election.jpg"">";élection;[sound:vocab-french-élection.mp3];elección
electronics - french;"<img src=""vocab-electronics.jpg"">";électronique;[sound:vocab-french-électronique.mp3];electrónica
eleven - french;"<img src=""vocab-eleven.jpg"">";onze;[sound:vocab-french-onze.mp3];once
energy - french;"<img src=""vocab-energy.jpg"">";énergie;[sound:vocab-french-énergie.mp3];energía
engine - french;"<img src=""vocab-engine.jpg"">";moteur;[sound:vocab-french-moteur.mp3];motor
escape - french;"<img src=""vocab-escape.jpg"">";s'échapper;[sound:vocab-french-s'échapper.mp3];escapar
evening - french;"<img src=""vocab-evening.jpg"">";soir;[sound:vocab-french-soir.mp3];noche
exercise - french;"<img src=""vocab-exercise.jpg"">";exercer;[sound:vocab-french-exercer.mp3];ejercicio
expensive - french;"<img src=""vocab-expensive.jpg"">";coûteux;[sound:vocab-french-coûteux.mp3];costoso
explode - french;"<img src=""vocab-explode.jpg"">";exploser;[sound:vocab-french-exploser.mp3];explotar
eye - french;"<img src=""vocab-eye.jpg"">";œil;[sound:vocab-french-œil.mp3];ojo
face - french;"<img src=""vocab-face.jpg"">";visage;[sound:vocab-french-visage.mp3];cara
fall (season) - french;"<img src=""vocab-fall (season).jpg"">";automne;[sound:vocab-french-automne.mp3];otoño
fall (verb) - french;"<img src=""vocab-fall (verb).jpg"">";tomber;[sound:vocab-french-tomber.mp3];caer
family - french;"<img src=""vocab-family.jpg"">";famille;[sound:vocab-french-famille.mp3];familia
famous - french;"<img src=""vocab-famous.jpg"">";célèbre;[sound:vocab-french-célèbre.mp3];famoso
fan (device) - french;"<img src=""vocab-fan (device).jpg"">";ventilateur;[sound:vocab-french-ventilateur.mp3];ventilador
fan (person) - french;"<img src=""vocab-fan (person).jpg"">";fan;[sound:vocab-french-fan.mp3];fan
far - french;"<img src=""vocab-far.jpg"">";loin;[sound:vocab-french-loin.mp3];lejos
farm - french;"<img src=""vocab-farm.jpg"">";cultiver;[sound:vocab-french-cultiver.mp3];granja
fast - french;"<img src=""vocab-fast.jpg"">";rapide;[sound:vocab-french-rapide.mp3];rápido
father - french;"<img src=""vocab-father.jpg"">";père;[sound:vocab-french-père.mp3];padre
February - french;"<img src=""vocab-February.jpg"">";février;[sound:vocab-french-février.mp3];febrero
feed - french;"<img src=""vocab-feed.jpg"">";nourrir;[sound:vocab-french-nourrir.mp3];alimentar
female - french;"<img src=""vocab-female.jpg"">";femme;[sound:vocab-french-femme.mp3];hembra
fifteen - french;"<img src=""vocab-fifteen.jpg"">";quinze;[sound:vocab-french-quinze.mp3];quince
fifth - french;"<img src=""vocab-fifth.jpg"">";cinquième;[sound:vocab-french-cinquième.mp3];quinto
fifty - french;"<img src=""vocab-fifty.jpg"">";cinquante;[sound:vocab-french-cinquante.mp3];cincuenta
fight - french;"<img src=""vocab-fight.jpg"">";combattre;[sound:vocab-french-combattre.mp3];lucha
find - french;"<img src=""vocab-find.jpg"">";trouver;[sound:vocab-french-trouver.mp3];encontrar
finger - french;"<img src=""vocab-finger.jpg"">";doigt;[sound:vocab-french-doigt.mp3];dedo
fire - french;"<img src=""vocab-fire.jpg"">";feu;[sound:vocab-french-feu.mp3];fuego
first - french;"<img src=""vocab-first.jpg"">";première;[sound:vocab-french-première.mp3];primero
fish - french;"<img src=""vocab-fish.jpg"">";poisson;[sound:vocab-french-poisson.mp3];pescado
five - french;"<img src=""vocab-five.jpg"">";cinq;[sound:vocab-french-cinq.mp3];cinco
flat - french;"<img src=""vocab-flat.jpg"">";plat;[sound:vocab-french-plat.mp3];plano
floor - french;"<img src=""vocab-floor.jpg"">";sol;[sound:vocab-french-sol.mp3];suelo
flower - french;"<img src=""vocab-flower.jpg"">";fleur;[sound:vocab-french-fleur.mp3];flor
fly - french;"<img src=""vocab-fly.jpg"">";mouche;[sound:vocab-french-mouche.mp3];mosca
follow - french;"<img src=""vocab-follow.jpg"">";suivre;[sound:vocab-french-suivre.mp3];seguir
food - french;"<img src=""vocab-food.jpg"">";aliments;[sound:vocab-french-aliments.mp3];comida
foot - french;"<img src=""vocab-foot.jpg"">";pied;[sound:vocab-french-pied.mp3];pie
forest - french;"<img src=""vocab-forest.jpg"">";forêt;[sound:vocab-french-forêt.mp3];bosque
fork - french;"<img src=""vocab-fork.jpg"">";fourchette;[sound:vocab-french-fourchette.mp3];tenedor
forty - french;"<img src=""vocab-forty.jpg"">";quarante;[sound:vocab-french-quarante.mp3];cuarenta
four - french;"<img src=""vocab-four.jpg"">";quatre;[sound:vocab-french-quatre.mp3];cuatro
fourteen - french;"<img src=""vocab-fourteen.jpg"">";quatorze;[sound:vocab-french-quatorze.mp3];catorce
fourth - french;"<img src=""vocab-fourth.jpg"">";quatrième;[sound:vocab-french-quatrième.mp3];cuarto
free - french;"<img src=""vocab-free.jpg"">";libre;[sound:vocab-french-libre.mp3];libre
Friday - french;"<img src=""vocab-Friday.jpg"">";vendredi;[sound:vocab-french-vendredi.mp3];viernes
friend - french;"<img src=""vocab-friend.jpg"">";ami;[sound:vocab-french-ami.mp3];amigo
front - french;"<img src=""vocab-front.jpg"">";devant;[sound:vocab-french-devant.mp3];frente
funny - french;"<img src=""vocab-funny.jpg"">";drôle;[sound:vocab-french-drôle.mp3];divertido
game - french;"<img src=""vocab-game.jpg"">";jeu;[sound:vocab-french-jeu.mp3];juego
garden - french;"<img src=""vocab-garden.jpg"">";jardin;[sound:vocab-french-jardin.mp3];jardín
gasoline - french;"<img src=""vocab-gasoline.jpg"">";essence;[sound:vocab-french-essence.mp3];gasolina
gift - french;"<img src=""vocab-gift.jpg"">";cadeau;[sound:vocab-french-cadeau.mp3];regalo
girl - french;"<img src=""vocab-girl.jpg"">";fille;[sound:vocab-french-fille.mp3];chica
give - french;"<img src=""vocab-give.jpg"">";donner;[sound:vocab-french-donner.mp3];dar
glass - french;"<img src=""vocab-glass.jpg"">";verre;[sound:vocab-french-verre.mp3];vaso
go - french;"<img src=""vocab-go.jpg"">";aller;[sound:vocab-french-aller.mp3];vamos
God - french;"<img src=""vocab-God.jpg"">";dieu;[sound:vocab-french-dieu.mp3];dios
gold - french;"<img src=""vocab-gold.jpg"">";or;[sound:vocab-french-or.mp3];oro
good - french;"<img src=""vocab-good.jpg"">";bon;[sound:vocab-french-bon.mp3];bueno
government - french;"<img src=""vocab-government.jpg"">";gouvernement;[sound:vocab-french-gouvernement.mp3];gobierno
grandfather - french;"<img src=""vocab-grandfather.jpg"">";grand-père;[sound:vocab-french-grand-père.mp3];abuelo
grandmother - french;"<img src=""vocab-grandmother.jpg"">";grand-mère;[sound:vocab-french-grand-mère.mp3];abuela
grass - french;"<img src=""vocab-grass.jpg"">";gazon;[sound:vocab-french-gazon.mp3];césped
gray - french;"<img src=""vocab-gray.jpg"">";grise;[sound:vocab-french-grise.mp3];gris
green - french;"<img src=""vocab-green.jpg"">";vert;[sound:vocab-french-vert.mp3];verde
ground - french;"<img src=""vocab-ground.jpg"">";sol;[sound:vocab-french-sol.mp3];suelo
grow - french;"<img src=""vocab-grow.jpg"">";grandir;[sound:vocab-french-grandir.mp3];crecer
gun - french;"<img src=""vocab-gun.jpg"">";arme à feu;[sound:vocab-french-arme à feu.mp3];pistola
hair - french;"<img src=""vocab-hair.jpg"">";cheveux;[sound:vocab-french-cheveux.mp3];cabello
half - french;"<img src=""vocab-half.jpg"">";demi;[sound:vocab-french-demi.mp3];medio
hand - french;"<img src=""vocab-hand.jpg"">";main;[sound:vocab-french-main.mp3];mano
hang - french;"<img src=""vocab-hang.jpg"">";accrocher;[sound:vocab-french-accrocher.mp3];colgar
happy - french;"<img src=""vocab-happy.jpg"">";heureux;[sound:vocab-french-heureux.mp3];feliz
hard - french;"<img src=""vocab-hard.jpg"">";difficile;[sound:vocab-french-difficile.mp3];difícil
hat - french;"<img src=""vocab-hat.jpg"">";chapeau;[sound:vocab-french-chapeau.mp3];sombrero
he - french;"<img src=""vocab-he.jpg"">";il;[sound:vocab-french-il.mp3];él
head - french;"<img src=""vocab-head.jpg"">";tête;[sound:vocab-french-tête.mp3];cabeza
healthy - french;"<img src=""vocab-healthy.jpg"">";sain;[sound:vocab-french-sain.mp3];saludable
hear - french;"<img src=""vocab-hear.jpg"">";écouter;[sound:vocab-french-écouter.mp3];oír
heart - french;"<img src=""vocab-heart.jpg"">";cœur;[sound:vocab-french-cœur.mp3];corazón
heat - french;"<img src=""vocab-heat.jpg"">";chaleur;[sound:vocab-french-chaleur.mp3];calor
heaven - french;"<img src=""vocab-heaven.jpg"">";paradis;[sound:vocab-french-paradis.mp3];paraíso
heavy - french;"<img src=""vocab-heavy.jpg"">";lourd;[sound:vocab-french-lourd.mp3];pesado
hell - french;"<img src=""vocab-hell.jpg"">";enfer;[sound:vocab-french-enfer.mp3];infierno
here - french;"<img src=""vocab-here.jpg"">";ici;[sound:vocab-french-ici.mp3];aquí
high - french;"<img src=""vocab-high.jpg"">";haut;[sound:vocab-french-haut.mp3];alto
hill - french;"<img src=""vocab-hill.jpg"">";colline;[sound:vocab-french-colline.mp3];colina
history - french;"<img src=""vocab-history.jpg"">";histoire;[sound:vocab-french-histoire.mp3];historia
hole - french;"<img src=""vocab-hole.jpg"">";trou;[sound:vocab-french-trou.mp3];agujero
horse - french;"<img src=""vocab-horse.jpg"">";cheval;[sound:vocab-french-cheval.mp3];caballo
hospital - french;"<img src=""vocab-hospital.jpg"">";hôpital;[sound:vocab-french-hôpital.mp3];hospital
hot - french;"<img src=""vocab-hot.jpg"">";chaud;[sound:vocab-french-chaud.mp3];caliente
hotel - french;"<img src=""vocab-hotel.jpg"">";hôtel;[sound:vocab-french-hôtel.mp3];hotel
hour - french;"<img src=""vocab-hour.jpg"">";heure;[sound:vocab-french-heure.mp3];hora
house - french;"<img src=""vocab-house.jpg"">";maison;[sound:vocab-french-maison.mp3];casa
human - french;"<img src=""vocab-human.jpg"">";humain;[sound:vocab-french-humain.mp3];humano
hundred - french;"<img src=""vocab-hundred.jpg"">";cent;[sound:vocab-french-cent.mp3];cien
husband - french;"<img src=""vocab-husband.jpg"">";mari;[sound:vocab-french-mari.mp3];marido
I - french;"<img src=""vocab-I.jpg"">";je;[sound:vocab-french-je.mp3];yo
ice - french;"<img src=""vocab-ice.jpg"">";glace;[sound:vocab-french-glace.mp3];hielo
idea - french;"<img src=""vocab-idea.jpg"">";idée;[sound:vocab-french-idée.mp3];idea
image - french;"<img src=""vocab-image.jpg"">";image;[sound:vocab-french-image.mp3];imagen
inch - french;"<img src=""vocab-inch.jpg"">";pouce;[sound:vocab-french-pouce.mp3];pulgada
injury - french;"<img src=""vocab-injury.jpg"">";blessure;[sound:vocab-french-blessure.mp3];lesión
inside - french;"<img src=""vocab-inside.jpg"">";intérieur;[sound:vocab-french-intérieur.mp3];dentro
instrument - french;"<img src=""vocab-instrument.jpg"">";instrument;[sound:vocab-french-instrument.mp3];instrumento
island - french;"<img src=""vocab-island.jpg"">";île;[sound:vocab-french-île.mp3];isla
it - french;"<img src=""vocab-it.jpg"">";il;[sound:vocab-french-il.mp3];eso
January - french;"<img src=""vocab-January.jpg"">";janvier;[sound:vocab-french-janvier.mp3];enero
job - french;"<img src=""vocab-job.jpg"">";travail;[sound:vocab-french-travail.mp3];trabajo
juice - french;"<img src=""vocab-juice.jpg"">";jus;[sound:vocab-french-jus.mp3];jugo
July - french;"<img src=""vocab-July.jpg"">";juillet;[sound:vocab-french-juillet.mp3];julio
jump - french;"<img src=""vocab-jump.jpg"">";sauter;[sound:vocab-french-sauter.mp3];saltar
June - french;"<img src=""vocab-June.jpg"">";juin;[sound:vocab-french-juin.mp3];junio
key - french;"<img src=""vocab-key.jpg"">";clé;[sound:vocab-french-clé.mp3];llave
kill - french;"<img src=""vocab-kill.jpg"">";tuer;[sound:vocab-french-tuer.mp3];matar
kilogram - french;"<img src=""vocab-kilogram.jpg"">";kilogramme;[sound:vocab-french-kilogramme.mp3];kilogramo
king - french;"<img src=""vocab-king.jpg"">";roi;[sound:vocab-french-roi.mp3];rey
kiss - french;"<img src=""vocab-kiss.jpg"">";embrasser;[sound:vocab-french-embrasser.mp3];beso
kitchen - french;"<img src=""vocab-kitchen.jpg"">";cuisine;[sound:vocab-french-cuisine.mp3];cocina
knee - french;"<img src=""vocab-knee.jpg"">";genou;[sound:vocab-french-genou.mp3];rodilla
knife - french;"<img src=""vocab-knife.jpg"">";couteau;[sound:vocab-french-couteau.mp3];cuchillo
lake - french;"<img src=""vocab-lake.jpg"">";lac;[sound:vocab-french-lac.mp3];lago
lamp - french;"<img src=""vocab-lamp.jpg"">";lampe;[sound:vocab-french-lampe.mp3];lámpara
language - french;"<img src=""vocab-language.jpg"">";langue;[sound:vocab-french-langue.mp3];idioma
laptop - french;"<img src=""vocab-laptop.jpg"">";portable;[sound:vocab-french-portable.mp3];ordenador portátil
last - french;"<img src=""vocab-last.jpg"">";dernier;[sound:vocab-french-dernier.mp3];último
laugh - french;"<img src=""vocab-laugh.jpg"">";rire;[sound:vocab-french-rire.mp3];reír
lawyer - french;"<img src=""vocab-lawyer.jpg"">";avocat;[sound:vocab-french-avocat.mp3];abogado
leaf - french;"<img src=""vocab-leaf.jpg"">";feuille;[sound:vocab-french-feuille.mp3];hoja
learn - french;"<img src=""vocab-learn.jpg"">";apprendre;[sound:vocab-french-apprendre.mp3];aprender
left - french;"<img src=""vocab-left.jpg"">";gauche;[sound:vocab-french-gauche.mp3];izquierda
leg - french;"<img src=""vocab-leg.jpg"">";jambe;[sound:vocab-french-jambe.mp3];pierna
lemon - french;"<img src=""vocab-lemon.jpg"">";citron;[sound:vocab-french-citron.mp3];limón
letter - french;"<img src=""vocab-letter.jpg"">";lettre;[sound:vocab-french-lettre.mp3];carta
library - french;"<img src=""vocab-library.jpg"">";bibliothèque;[sound:vocab-french-bibliothèque.mp3];biblioteca
lie down - french;"<img src=""vocab-lie down.jpg"">";s'allonger;[sound:vocab-french-s'allonger.mp3];acostar
lift - french;"<img src=""vocab-lift.jpg"">";soulever;[sound:vocab-french-soulever.mp3];levantar
light (brightness) - french;"<img src=""vocab-light (brightness).jpg"">";clair;[sound:vocab-french-clair.mp3];claro
light (noun) - french;"<img src=""vocab-light (noun).jpg"">";lumière;[sound:vocab-french-lumière.mp3];luz
light (weight) - french;"<img src=""vocab-light (weight).jpg"">";léger;[sound:vocab-french-léger.mp3];ligero
lip - french;"<img src=""vocab-lip.jpg"">";lèvre;[sound:vocab-french-lèvre.mp3];labio
listen - french;"<img src=""vocab-listen.jpg"">";écouter;[sound:vocab-french-écouter.mp3];escuchar
location - french;"<img src=""vocab-location.jpg"">";lieu;[sound:vocab-french-lieu.mp3];ubicación
lock - french;"<img src=""vocab-lock.jpg"">";cadenas;[sound:vocab-french-cadenas.mp3];candado
long - french;"<img src=""vocab-long.jpg"">";long;[sound:vocab-french-long.mp3];largo
loose - french;"<img src=""vocab-loose.jpg"">";ample;[sound:vocab-french-ample.mp3];suelto
lose - french;"<img src=""vocab-lose.jpg"">";perdre;[sound:vocab-french-perdre.mp3];perder
lost - french;"<img src=""vocab-lost.jpg"">";perdu;[sound:vocab-french-perdu.mp3];perdido
loud - french;"<img src=""vocab-loud.jpg"">";bruyant;[sound:vocab-french-bruyant.mp3];ruidoso
love - french;"<img src=""vocab-love.jpg"">";aimer;[sound:vocab-french-aimer.mp3];amar
low - french;"<img src=""vocab-low.jpg"">";bas;[sound:vocab-french-bas.mp3];bajo
lucky - french;"<img src=""vocab-lucky.jpg"">";chanceux;[sound:vocab-french-chanceux.mp3];suertudo
lunch - french;"<img src=""vocab-lunch.jpg"">";déjeuner;[sound:vocab-french-déjeuner.mp3];almuerzo
magazine - french;"<img src=""vocab-magazine.jpg"">";magazine;[sound:vocab-french-magazine.mp3];revista
male - french;"<img src=""vocab-male.jpg"">";masculin;[sound:vocab-french-masculin.mp3];masculino
man - french;"<img src=""vocab-man.jpg"">";homme;[sound:vocab-french-homme.mp3];hombre
manager - french;"<img src=""vocab-manager.jpg"">";directeur;[sound:vocab-french-directeur.mp3];gerente
map - french;"<img src=""vocab-map.jpg"">";carte;[sound:vocab-french-carte.mp3];mapa
March - french;"<img src=""vocab-March.jpg"">";mars;[sound:vocab-french-mars.mp3];marzo
market - french;"<img src=""vocab-market.jpg"">";marché;[sound:vocab-french-marché.mp3];mercado
marriage - french;"<img src=""vocab-marriage.jpg"">";mariage;[sound:vocab-french-mariage.mp3];matrimonio
marry - french;"<img src=""vocab-marry.jpg"">";marier;[sound:vocab-french-marier.mp3];casar
material - french;"<img src=""vocab-material.jpg"">";matériel;[sound:vocab-french-matériel.mp3];material
May - french;"<img src=""vocab-May.jpg"">";peut;[sound:vocab-french-peut.mp3];mayo
mean - french;"<img src=""vocab-mean.jpg"">";signifier;[sound:vocab-french-signifier.mp3];significar
medicine - french;"<img src=""vocab-medicine.jpg"">";médicament;[sound:vocab-french-médicament.mp3];medicina
melt - french;"<img src=""vocab-melt.jpg"">";fondre;[sound:vocab-french-fondre.mp3];derretir
message - french;"<img src=""vocab-message.jpg"">";message;[sound:vocab-french-message.mp3];mensaje
metal - french;"<img src=""vocab-metal.jpg"">";métal;[sound:vocab-french-métal.mp3];metal
meter - french;"<img src=""vocab-meter.jpg"">";mètre;[sound:vocab-french-mètre.mp3];metro
milk - french;"<img src=""vocab-milk.jpg"">";lait;[sound:vocab-french-lait.mp3];leche
million - french;"<img src=""vocab-million.jpg"">";million;[sound:vocab-french-million.mp3];millón
minute - french;"<img src=""vocab-minute.jpg"">";minute;[sound:vocab-french-minute.mp3];minuto
mix - french;"<img src=""vocab-mix.jpg"">";mélanger;[sound:vocab-french-mélanger.mp3];mezclar
Monday - french;"<img src=""vocab-Monday.jpg"">";lundi;[sound:vocab-french-lundi.mp3];lunes
money - french;"<img src=""vocab-money.jpg"">";argent;[sound:vocab-french-argent.mp3];dinero
month - french;"<img src=""vocab-month.jpg"">";mois;[sound:vocab-french-mois.mp3];mes
moon - french;"<img src=""vocab-moon.jpg"">";lune;[sound:vocab-french-lune.mp3];luna
morning - french;"<img src=""vocab-morning.jpg"">";matin;[sound:vocab-french-matin.mp3];mañana
mother - french;"<img src=""vocab-mother.jpg"">";mère;[sound:vocab-french-mère.mp3];madre
mountain - french;"<img src=""vocab-mountain.jpg"">";montagne;[sound:vocab-french-montagne.mp3];montaña
mouse - french;"<img src=""vocab-mouse.jpg"">";souris;[sound:vocab-french-souris.mp3];ratón
mouth - french;"<img src=""vocab-mouth.jpg"">";bouche;[sound:vocab-french-bouche.mp3];boca
movie - french;"<img src=""vocab-movie.jpg"">";film;[sound:vocab-french-film.mp3];película
murder - french;"<img src=""vocab-murder.jpg"">";meurtre;[sound:vocab-french-meurtre.mp3];asesinato
music - french;"<img src=""vocab-music.jpg"">";musique;[sound:vocab-french-musique.mp3];música
narrow - french;"<img src=""vocab-narrow.jpg"">";étroit;[sound:vocab-french-étroit.mp3];estrecho
nature - french;"<img src=""vocab-nature.jpg"">";nature;[sound:vocab-french-nature.mp3];naturaleza
near - french;"<img src=""vocab-near.jpg"">";proche;[sound:vocab-french-proche.mp3];cerca
neck - french;"<img src=""vocab-neck.jpg"">";cou;[sound:vocab-french-cou.mp3];cuello
needle - french;"<img src=""vocab-needle.jpg"">";aiguille;[sound:vocab-french-aiguille.mp3];aguja
neighbor - french;"<img src=""vocab-neighbor.jpg"">";voisin;[sound:vocab-french-voisin.mp3];vecino
network - french;"<img src=""vocab-network.jpg"">";réseau;[sound:vocab-french-réseau.mp3];red
new - french;"<img src=""vocab-new.jpg"">";nouveau;[sound:vocab-french-nouveau.mp3];nuevo
newspaper - french;"<img src=""vocab-newspaper.jpg"">";journal;[sound:vocab-french-journal.mp3];periódico
night - french;"<img src=""vocab-night.jpg"">";nuit;[sound:vocab-french-nuit.mp3];noche
nine - french;"<img src=""vocab-nine.jpg"">";neuf;[sound:vocab-french-neuf.mp3];nueve
nineteen - french;"<img src=""vocab-nineteen.jpg"">";dix-neuf;[sound:vocab-french-dix-neuf.mp3];diecinueve
ninety - french;"<img src=""vocab-ninety.jpg"">";quatre-vingt-dix;[sound:vocab-french-quatre-vingt-dix.mp3];noventa
no - french;"<img src=""vocab-no.jpg"">";non;[sound:vocab-french-non.mp3];no
north - french;"<img src=""vocab-north.jpg"">";nord;[sound:vocab-french-nord.mp3];norte
nose - french;"<img src=""vocab-nose.jpg"">";nez;[sound:vocab-french-nez.mp3];nariz
note - french;"<img src=""vocab-note.jpg"">";note;[sound:vocab-french-note.mp3];nota
November - french;"<img src=""vocab-November.jpg"">";novembre;[sound:vocab-french-novembre.mp3];noviembre
nuclear - french;"<img src=""vocab-nuclear.jpg"">";nucléaire;[sound:vocab-french-nucléaire.mp3];nuclear
number - french;"<img src=""vocab-number.jpg"">";numéro;[sound:vocab-french-numéro.mp3];número
ocean - french;"<img src=""vocab-ocean.jpg"">";océan;[sound:vocab-french-océan.mp3];océano
October - french;"<img src=""vocab-October.jpg"">";octobre;[sound:vocab-french-octobre.mp3];octubre
office - french;"<img src=""vocab-office.jpg"">";bureau;[sound:vocab-french-bureau.mp3];oficina
oil - french;"<img src=""vocab-oil.jpg"">";pétrole;[sound:vocab-french-pétrole.mp3];aceite
old (people) - french;"<img src=""vocab-old (people).jpg"">";vieille;[sound:vocab-french-vieille.mp3];viejo
old (things) - french;"<img src=""vocab-old (things).jpg"">";vieille;[sound:vocab-french-vieille.mp3];viejo
one - french;"<img src=""vocab-one.jpg"">";une;[sound:vocab-french-une.mp3];uno
open - french;"<img src=""vocab-open.jpg"">";ouvrir;[sound:vocab-french-ouvrir.mp3];abrir
orange (color) - french;"<img src=""vocab-orange (color).jpg"">";orange;[sound:vocab-french-orange.mp3];naranja
orange (fruit) - french;"<img src=""vocab-orange (fruit).jpg"">";orange;[sound:vocab-french-orange.mp3];naranja
outside - french;"<img src=""vocab-outside.jpg"">";extérieur;[sound:vocab-french-extérieur.mp3];afuera
page - french;"<img src=""vocab-page.jpg"">";page;[sound:vocab-french-page.mp3];página
pain - french;"<img src=""vocab-pain.jpg"">";douleur;[sound:vocab-french-douleur.mp3];dolor
paint - french;"<img src=""vocab-paint.jpg"">";peinturer;[sound:vocab-french-peinturer.mp3];pintar
pants - french;"<img src=""vocab-pants.jpg"">";pantalon;[sound:vocab-french-pantalon.mp3];pantalones
paper - french;"<img src=""vocab-paper.jpg"">";papier;[sound:vocab-french-papier.mp3];papel
parent - french;"<img src=""vocab-parent.jpg"">";parent;[sound:vocab-french-parent.mp3];padre
park - french;"<img src=""vocab-park.jpg"">";parc;[sound:vocab-french-parc.mp3];parque
pass - french;"<img src=""vocab-pass.jpg"">";passer;[sound:vocab-french-passer.mp3];pasar
patient - french;"<img src=""vocab-patient.jpg"">";patient;[sound:vocab-french-patient.mp3];paciente
pattern - french;"<img src=""vocab-pattern.jpg"">";modèle;[sound:vocab-french-modèle.mp3];patrón
pay - french;"<img src=""vocab-pay.jpg"">";payer;[sound:vocab-french-payer.mp3];pagar
peace - french;"<img src=""vocab-peace.jpg"">";paix;[sound:vocab-french-paix.mp3];paz
pen - french;"<img src=""vocab-pen.jpg"">";stylo;[sound:vocab-french-stylo.mp3];bolígrafo
pencil - french;"<img src=""vocab-pencil.jpg"">";crayon;[sound:vocab-french-crayon.mp3];lápiz
person - french;"<img src=""vocab-person.jpg"">";personne;[sound:vocab-french-personne.mp3];persona
photograph - french;"<img src=""vocab-photograph.jpg"">";photographie;[sound:vocab-french-photographie.mp3];fotografía
piece - french;"<img src=""vocab-piece.jpg"">";pièce;[sound:vocab-french-pièce.mp3];pieza
pig - french;"<img src=""vocab-pig.jpg"">";porc;[sound:vocab-french-porc.mp3];cerdo
pink - french;"<img src=""vocab-pink.jpg"">";rose;[sound:vocab-french-rose.mp3];rosado
plane - french;"<img src=""vocab-plane.jpg"">";avion;[sound:vocab-french-avion.mp3];avión
plant - french;"<img src=""vocab-plant.jpg"">";plante;[sound:vocab-french-plante.mp3];planta
plastic - french;"<img src=""vocab-plastic.jpg"">";plastique;[sound:vocab-french-plastique.mp3];plástico
plate - french;"<img src=""vocab-plate.jpg"">";plat;[sound:vocab-french-plat.mp3];plato
play - french;"<img src=""vocab-play.jpg"">";jouer;[sound:vocab-french-jouer.mp3];jugar
player - french;"<img src=""vocab-player.jpg"">";joueur;[sound:vocab-french-joueur.mp3];jugador
pocket - french;"<img src=""vocab-pocket.jpg"">";poche;[sound:vocab-french-poche.mp3];bolsillo
poison - french;"<img src=""vocab-poison.jpg"">";poison;[sound:vocab-french-poison.mp3];veneno
police - french;"<img src=""vocab-police.jpg"">";police;[sound:vocab-french-police.mp3];policía
pool - french;"<img src=""vocab-pool.jpg"">";bassin;[sound:vocab-french-bassin.mp3];piscina
poor - french;"<img src=""vocab-poor.jpg"">";pauvre;[sound:vocab-french-pauvre.mp3];pobre
pork - french;"<img src=""vocab-pork.jpg"">";porc;[sound:vocab-french-porc.mp3];cerdo
pray - french;"<img src=""vocab-pray.jpg"">";prier;[sound:vocab-french-prier.mp3];orar
president - french;"<img src=""vocab-president.jpg"">";président;[sound:vocab-french-président.mp3];presidente
price - french;"<img src=""vocab-price.jpg"">";prix;[sound:vocab-french-prix.mp3];precio
priest - french;"<img src=""vocab-priest.jpg"">";prêtre;[sound:vocab-french-prêtre.mp3];sacerdote
prison - french;"<img src=""vocab-prison.jpg"">";prison;[sound:vocab-french-prison.mp3];prisión
program - french;"<img src=""vocab-program.jpg"">";programme;[sound:vocab-french-programme.mp3];programa
pull - french;"<img src=""vocab-pull.jpg"">";tirer;[sound:vocab-french-tirer.mp3];jalar
push - french;"<img src=""vocab-push.jpg"">";pousser;[sound:vocab-french-pousser.mp3];empujar
put - french;"<img src=""vocab-put.jpg"">";mettre;[sound:vocab-french-mettre.mp3];colocar
queen - french;"<img src=""vocab-queen.jpg"">";reine;[sound:vocab-french-reine.mp3];reina
quiet - french;"<img src=""vocab-quiet.jpg"">";calme;[sound:vocab-french-calme.mp3];silencioso
race (competition) - french;"<img src=""vocab-race (competition).jpg"">";course;[sound:vocab-french-course.mp3];carrera
race (people) - french;"<img src=""vocab-race (people).jpg"">";race;[sound:vocab-french-race.mp3];raza
radio - french;"<img src=""vocab-radio.jpg"">";radio;[sound:vocab-french-radio.mp3];radio
rain - french;"<img src=""vocab-rain.jpg"">";pluie;[sound:vocab-french-pluie.mp3];lluvia
red - french;"<img src=""vocab-red.jpg"">";rouge;[sound:vocab-french-rouge.mp3];rojo
religion - french;"<img src=""vocab-religion.jpg"">";religion;[sound:vocab-french-religion.mp3];religión
remember - french;"<img src=""vocab-remember.jpg"">";se souvenir;[sound:vocab-french-se souvenir.mp3];recordar
reporter - french;"<img src=""vocab-reporter.jpg"">";journaliste;[sound:vocab-french-journaliste.mp3];reportero
restaurant - french;"<img src=""vocab-restaurant.jpg"">";restaurant;[sound:vocab-french-restaurant.mp3];restaurante
rice - french;"<img src=""vocab-rice.jpg"">";riz;[sound:vocab-french-riz.mp3];arroz
rich - french;"<img src=""vocab-rich.jpg"">";riche;[sound:vocab-french-riche.mp3];rico
right - french;"<img src=""vocab-right.jpg"">";droite;[sound:vocab-french-droite.mp3];derecha
ring - french;"<img src=""vocab-ring.jpg"">";bague;[sound:vocab-french-bague.mp3];anillo
river - french;"<img src=""vocab-river.jpg"">";fleuve;[sound:vocab-french-fleuve.mp3];río
road - french;"<img src=""vocab-road.jpg"">";route;[sound:vocab-french-route.mp3];carretera
roof - french;"<img src=""vocab-roof.jpg"">";toit;[sound:vocab-french-toit.mp3];techo
room - french;"<img src=""vocab-room.jpg"">";salle;[sound:vocab-french-salle.mp3];habitación
root - french;"<img src=""vocab-root.jpg"">";racine;[sound:vocab-french-racine.mp3];raíz
run - french;"<img src=""vocab-run.jpg"">";courir;[sound:vocab-french-courir.mp3];correr
sad - french;"<img src=""vocab-sad.jpg"">";triste;[sound:vocab-french-triste.mp3];triste
salt - french;"<img src=""vocab-salt.jpg"">";sel;[sound:vocab-french-sel.mp3];sal
sand - french;"<img src=""vocab-sand.jpg"">";sable;[sound:vocab-french-sable.mp3];arena
Saturday - french;"<img src=""vocab-Saturday.jpg"">";samedi;[sound:vocab-french-samedi.mp3];sábado
say - french;"<img src=""vocab-say.jpg"">";dire;[sound:vocab-french-dire.mp3];decir
scared - french;"<img src=""vocab-scared.jpg"">";effrayé;[sound:vocab-french-effrayé.mp3];asustado
school - french;"<img src=""vocab-school.jpg"">";école;[sound:vocab-french-école.mp3];colegio
science - french;"<img src=""vocab-science.jpg"">";science;[sound:vocab-french-science.mp3];ciencia
screen - french;"<img src=""vocab-screen.jpg"">";écran;[sound:vocab-french-écran.mp3];pantalla
sea - french;"<img src=""vocab-sea.jpg"">";mer;[sound:vocab-french-mer.mp3];mar
season - french;"<img src=""vocab-season.jpg"">";saison;[sound:vocab-french-saison.mp3];temporada
second (position) - french;"<img src=""vocab-second (position).jpg"">";deuxième;[sound:vocab-french-deuxième.mp3];segundo
second (time) - french;"<img src=""vocab-second (time).jpg"">";deuxième;[sound:vocab-french-deuxième.mp3];segundo
secretary - french;"<img src=""vocab-secretary.jpg"">";secrétaire;[sound:vocab-french-secrétaire.mp3];secretario
see - french;"<img src=""vocab-see.jpg"">";voir;[sound:vocab-french-voir.mp3];ver
seed - french;"<img src=""vocab-seed.jpg"">";graine;[sound:vocab-french-graine.mp3];semilla
sell - french;"<img src=""vocab-sell.jpg"">";vendre;[sound:vocab-french-vendre.mp3];vender
September - french;"<img src=""vocab-September.jpg"">";septembre;[sound:vocab-french-septembre.mp3];septiembre
seven - french;"<img src=""vocab-seven.jpg"">";sept;[sound:vocab-french-sept.mp3];siete
seventeen - french;"<img src=""vocab-seventeen.jpg"">";dix-sept;[sound:vocab-french-dix-sept.mp3];diecisiete
seventy - french;"<img src=""vocab-seventy.jpg"">";soixante-dix;[sound:vocab-french-soixante-dix.mp3];setenta
sex (action) - french;"<img src=""vocab-sex (action).jpg"">";sexe;[sound:vocab-french-sexe.mp3];sexo
sex (male-female) - french;"<img src=""vocab-sex (male-female).jpg"">";sexe;[sound:vocab-french-sexe.mp3];sexo
shake - french;"<img src=""vocab-shake.jpg"">";secouer;[sound:vocab-french-secouer.mp3];sacudir
shallow - french;"<img src=""vocab-shallow.jpg"">";peu profond;[sound:vocab-french-peu profond.mp3];superficial
she - french;"<img src=""vocab-she.jpg"">";elle;[sound:vocab-french-elle.mp3];ella
ship - french;"<img src=""vocab-ship.jpg"">";bateau;[sound:vocab-french-bateau.mp3];embarcacion
shirt - french;"<img src=""vocab-shirt.jpg"">";chemise;[sound:vocab-french-chemise.mp3];camisa
shoes - french;"<img src=""vocab-shoes.jpg"">";chaussures;[sound:vocab-french-chaussures.mp3];zapatos
shoot - french;"<img src=""vocab-shoot.jpg"">";tirer;[sound:vocab-french-tirer.mp3];disparar
short (length) - french;"<img src=""vocab-short (length).jpg"">";court;[sound:vocab-french-court.mp3];corto
short (stature) - french;"<img src=""vocab-short (stature).jpg"">";petit;[sound:vocab-french-petit.mp3];bajo
shoulder - french;"<img src=""vocab-shoulder.jpg"">";épaule;[sound:vocab-french-épaule.mp3];hombro
sick - french;"<img src=""vocab-sick.jpg"">";malade;[sound:vocab-french-malade.mp3];enfermo
side - french;"<img src=""vocab-side.jpg"">";côté;[sound:vocab-french-côté.mp3];lado
sign (indication) - french;"<img src=""vocab-sign (indication).jpg"">";panneau;[sound:vocab-french-panneau.mp3];signo
sign (write) - french;"<img src=""vocab-sign (write).jpg"">";signer;[sound:vocab-french-signer.mp3];firmar
silver - french;"<img src=""vocab-silver.jpg"">";argent;[sound:vocab-french-argent.mp3];plata
sing - french;"<img src=""vocab-sing.jpg"">";chanter;[sound:vocab-french-chanter.mp3];cantar
sister - french;"<img src=""vocab-sister.jpg"">";sœur;[sound:vocab-french-sœur.mp3];hermana
sit - french;"<img src=""vocab-sit.jpg"">";s'asseoir;[sound:vocab-french-s'asseoir.mp3];sentar
six - french;"<img src=""vocab-six.jpg"">";six;[sound:vocab-french-six.mp3];seis
sixteen - french;"<img src=""vocab-sixteen.jpg"">";seize;[sound:vocab-french-seize.mp3];dieciséis
sixty - french;"<img src=""vocab-sixty.jpg"">";soixante;[sound:vocab-french-soixante.mp3];sesenta
skin - french;"<img src=""vocab-skin.jpg"">";peau;[sound:vocab-french-peau.mp3];piel
skirt - french;"<img src=""vocab-skirt.jpg"">";jupe;[sound:vocab-french-jupe.mp3];falda
sky - french;"<img src=""vocab-sky.jpg"">";ciel;[sound:vocab-french-ciel.mp3];cielo
sleep - french;"<img src=""vocab-sleep.jpg"">";dormir;[sound:vocab-french-dormir.mp3];dormir
slow - french;"<img src=""vocab-slow.jpg"">";lent;[sound:vocab-french-lent.mp3];lento
small - french;"<img src=""vocab-small.jpg"">";petit;[sound:vocab-french-petit.mp3];pequeño
smell - french;"<img src=""vocab-smell.jpg"">";sentir;[sound:vocab-french-sentir.mp3];oler
smile - french;"<img src=""vocab-smile.jpg"">";sourire;[sound:vocab-french-sourire.mp3];sonrisa
snow - french;"<img src=""vocab-snow.jpg"">";neiger;[sound:vocab-french-neiger.mp3];nieve
soap - french;"<img src=""vocab-soap.jpg"">";savon;[sound:vocab-french-savon.mp3];jabón
soft - french;"<img src=""vocab-soft.jpg"">";doux;[sound:vocab-french-doux.mp3];suave
soil - french;"<img src=""vocab-soil.jpg"">";terre;[sound:vocab-french-terre.mp3];tierra
soldier - french;"<img src=""vocab-soldier.jpg"">";soldat;[sound:vocab-french-soldat.mp3];soldado
son - french;"<img src=""vocab-son.jpg"">";fils;[sound:vocab-french-fils.mp3];hijo
song - french;"<img src=""vocab-song.jpg"">";chanson;[sound:vocab-french-chanson.mp3];canción
sound - french;"<img src=""vocab-sound.jpg"">";sonner;[sound:vocab-french-sonner.mp3];sonido
soup - french;"<img src=""vocab-soup.jpg"">";soupe;[sound:vocab-french-soupe.mp3];sopa
south - french;"<img src=""vocab-south.jpg"">";sud;[sound:vocab-french-sud.mp3];sur
space - french;"<img src=""vocab-space.jpg"">";espacer;[sound:vocab-french-espacer.mp3];espacio
speak - french;"<img src=""vocab-speak.jpg"">";parler;[sound:vocab-french-parler.mp3];hablar
spoon - french;"<img src=""vocab-spoon.jpg"">";cuillère;[sound:vocab-french-cuillère.mp3];cuchara
sport - french;"<img src=""vocab-sport.jpg"">";sport;[sound:vocab-french-sport.mp3];deporte
spring - french;"<img src=""vocab-spring.jpg"">";printemps;[sound:vocab-french-printemps.mp3];primavera
square - french;"<img src=""vocab-square.jpg"">";carré;[sound:vocab-french-carré.mp3];cuadrado
stain - french;"<img src=""vocab-stain.jpg"">";tache;[sound:vocab-french-tache.mp3];manchar
stand - french;"<img src=""vocab-stand.jpg"">";se lever;[sound:vocab-french-se lever.mp3];estar de pie
star - french;"<img src=""vocab-star.jpg"">";étoile;[sound:vocab-french-étoile.mp3];estrella
stone - french;"<img src=""vocab-stone.jpg"">";calcul;[sound:vocab-french-calcul.mp3];piedra
stop - french;"<img src=""vocab-stop.jpg"">";arrêter;[sound:vocab-french-arrêter.mp3];detener
store - french;"<img src=""vocab-store.jpg"">";boutique;[sound:vocab-french-boutique.mp3];tienda
straight - french;"<img src=""vocab-straight.jpg"">";droit;[sound:vocab-french-droit.mp3];derecho
street - french;"<img src=""vocab-street.jpg"">";rue;[sound:vocab-french-rue.mp3];calle
strong - french;"<img src=""vocab-strong.jpg"">";fort;[sound:vocab-french-fort.mp3];fuerte
student - french;"<img src=""vocab-student.jpg"">";étudiant;[sound:vocab-french-étudiant.mp3];estudiante
sugar - french;"<img src=""vocab-sugar.jpg"">";sucre;[sound:vocab-french-sucre.mp3];azúcar
suit - french;"<img src=""vocab-suit.jpg"">";costume;[sound:vocab-french-costume.mp3];traje
summer - french;"<img src=""vocab-summer.jpg"">";été;[sound:vocab-french-été.mp3];verano
sun - french;"<img src=""vocab-sun.jpg"">";soleil;[sound:vocab-french-soleil.mp3];sol
Sunday - french;"<img src=""vocab-Sunday.jpg"">";dimanche;[sound:vocab-french-dimanche.mp3];domingo
sweat - french;"<img src=""vocab-sweat.jpg"">";transpiration;[sound:vocab-french-transpiration.mp3];sudor
swim - french;"<img src=""vocab-swim.jpg"">";nager;[sound:vocab-french-nager.mp3];nadar
T-shirt - french;"<img src=""vocab-T-shirt.jpg"">";tee-shirt;[sound:vocab-french-tee-shirt.mp3];camiseta
table - french;"<img src=""vocab-table.jpg"">";table;[sound:vocab-french-table.mp3];mesa
take - french;"<img src=""vocab-take.jpg"">";recevoir;[sound:vocab-french-recevoir.mp3];recibir
tall - french;"<img src=""vocab-tall.jpg"">";haut;[sound:vocab-french-haut.mp3];alto
taste - french;"<img src=""vocab-taste.jpg"">";goûter;[sound:vocab-french-goûter.mp3];gusto
tea - french;"<img src=""vocab-tea.jpg"">";thé;[sound:vocab-french-thé.mp3];té
teach - french;"<img src=""vocab-teach.jpg"">";enseigner;[sound:vocab-french-enseigner.mp3];enseñar
teacher - french;"<img src=""vocab-teacher.jpg"">";professeur;[sound:vocab-french-professeur.mp3];profesor
team - french;"<img src=""vocab-team.jpg"">";équipe;[sound:vocab-french-équipe.mp3];equipo
tear - french;"<img src=""vocab-tear.jpg"">";larme;[sound:vocab-french-larme.mp3];lágrima
technology - french;"<img src=""vocab-technology.jpg"">";technologie;[sound:vocab-french-technologie.mp3];tecnología
telephone - french;"<img src=""vocab-telephone.jpg"">";téléphone;[sound:vocab-french-téléphone.mp3];teléfono
television - french;"<img src=""vocab-television.jpg"">";télévision;[sound:vocab-french-télévision.mp3];televisión
temperature - french;"<img src=""vocab-temperature.jpg"">";température;[sound:vocab-french-température.mp3];temperatura
ten - french;"<img src=""vocab-ten.jpg"">";dix;[sound:vocab-french-dix.mp3];diez
theater - french;"<img src=""vocab-theater.jpg"">";théâtre;[sound:vocab-french-théâtre.mp3];teatro
there - french;"<img src=""vocab-there.jpg"">";là;[sound:vocab-french-là.mp3];allá
they - french;"<img src=""vocab-they.jpg"">";elles;[sound:vocab-french-elles.mp3];ellos
thick - french;"<img src=""vocab-thick.jpg"">";épais;[sound:vocab-french-épais.mp3];grueso
thin - french;"<img src=""vocab-thin.jpg"">";mince;[sound:vocab-french-mince.mp3];delgado
think - french;"<img src=""vocab-think.jpg"">";penser;[sound:vocab-french-penser.mp3];pensar
third - french;"<img src=""vocab-third.jpg"">";troisième;[sound:vocab-french-troisième.mp3];tercero
thirteen - french;"<img src=""vocab-thirteen.jpg"">";treize;[sound:vocab-french-treize.mp3];trece
thirty - french;"<img src=""vocab-thirty.jpg"">";trente;[sound:vocab-french-trente.mp3];treinta
thousand - french;"<img src=""vocab-thousand.jpg"">";mille;[sound:vocab-french-mille.mp3];mil
three - french;"<img src=""vocab-three.jpg"">";trois;[sound:vocab-french-trois.mp3];tres
throw - french;"<img src=""vocab-throw.jpg"">";lancer;[sound:vocab-french-lancer.mp3];lanzar
Thursday - french;"<img src=""vocab-Thursday.jpg"">";jeudi;[sound:vocab-french-jeudi.mp3];jueves
ticket - french;"<img src=""vocab-ticket.jpg"">";billet;[sound:vocab-french-billet.mp3];boleto
tight - french;"<img src=""vocab-tight.jpg"">";serré;[sound:vocab-french-serré.mp3];apretado
time - french;"<img src=""vocab-time.jpg"">";temps;[sound:vocab-french-temps.mp3];tiempo
tire - french;"<img src=""vocab-tire.jpg"">";pneu;[sound:vocab-french-pneu.mp3];neumático
toe - french;"<img src=""vocab-toe.jpg"">";orteil;[sound:vocab-french-orteil.mp3];dedo del pie
together - french;"<img src=""vocab-together.jpg"">";ensemble;[sound:vocab-french-ensemble.mp3];juntos
tongue - french;"<img src=""vocab-tongue.jpg"">";langue;[sound:vocab-french-langue.mp3];lengua
tool - french;"<img src=""vocab-tool.jpg"">";outil;[sound:vocab-french-outil.mp3];herramienta
tooth - french;"<img src=""vocab-tooth.jpg"">";dent;[sound:vocab-french-dent.mp3];diente
top - french;"<img src=""vocab-top.jpg"">";haut;[sound:vocab-french-haut.mp3];cima
touch - french;"<img src=""vocab-touch.jpg"">";toucher;[sound:vocab-french-toucher.mp3];tocar
town - french;"<img src=""vocab-town.jpg"">";ville;[sound:vocab-french-ville.mp3];pueblo
train station - french;"<img src=""vocab-train station.jpg"">";gare;[sound:vocab-french-gare.mp3];estación de tren
train - french;"<img src=""vocab-train.jpg"">";former;[sound:vocab-french-former.mp3];tren
transportation - french;"<img src=""vocab-transportation.jpg"">";transport;[sound:vocab-french-transport.mp3];transporte
tree - french;"<img src=""vocab-tree.jpg"">";arbre;[sound:vocab-french-arbre.mp3];árbol
truck - french;"<img src=""vocab-truck.jpg"">";camion;[sound:vocab-french-camion.mp3];camión
Tuesday - french;"<img src=""vocab-Tuesday.jpg"">";mardi;[sound:vocab-french-mardi.mp3];martes
turn - french;"<img src=""vocab-turn.jpg"">";tourner;[sound:vocab-french-tourner.mp3];girar
twelve - french;"<img src=""vocab-twelve.jpg"">";douze;[sound:vocab-french-douze.mp3];doce
twenty-one - french;"<img src=""vocab-twenty-one.jpg"">";vingt-et-un;[sound:vocab-french-vingt-et-un.mp3];veintiuno
twenty - french;"<img src=""vocab-twenty.jpg"">";vingt;[sound:vocab-french-vingt.mp3];veinte
two - french;"<img src=""vocab-two.jpg"">";deux;[sound:vocab-french-deux.mp3];dos
ugly - french;"<img src=""vocab-ugly.jpg"">";moche;[sound:vocab-french-moche.mp3];feo
university - french;"<img src=""vocab-university.jpg"">";université;[sound:vocab-french-université.mp3];universidad
up - french;"<img src=""vocab-up.jpg"">";dessus;[sound:vocab-french-dessus.mp3];arriba
valley - french;"<img src=""vocab-valley.jpg"">";vallée;[sound:vocab-french-vallée.mp3];valle
victim - french;"<img src=""vocab-victim.jpg"">";victime;[sound:vocab-french-victime.mp3];víctima
voice - french;"<img src=""vocab-voice.jpg"">";voix;[sound:vocab-french-voix.mp3];voz
vowel - french;"<img src=""vocab-vowel.jpg"">";voyelle;[sound:vocab-french-voyelle.mp3];vocal
wait - french;"<img src=""vocab-wait.jpg"">";attendre;[sound:vocab-french-attendre.mp3];esperar
waiter - french;"<img src=""vocab-waiter.jpg"">";garçon;[sound:vocab-french-garçon.mp3];camarero
wake up - french;"<img src=""vocab-wake up.jpg"">";réveiller;[sound:vocab-french-réveiller.mp3];despertar
walk - french;"<img src=""vocab-walk.jpg"">";marcher;[sound:vocab-french-marcher.mp3];caminar
wall - french;"<img src=""vocab-wall.jpg"">";mur;[sound:vocab-french-mur.mp3];pared
want - french;"<img src=""vocab-want.jpg"">";vouloir;[sound:vocab-french-vouloir.mp3];querer
war - french;"<img src=""vocab-war.jpg"">";guerre;[sound:vocab-french-guerre.mp3];guerra
warm - french;"<img src=""vocab-warm.jpg"">";chaud;[sound:vocab-french-chaud.mp3];caliente
wash - french;"<img src=""vocab-wash.jpg"">";laver;[sound:vocab-french-laver.mp3];lavar
watch - french;"<img src=""vocab-watch.jpg"">";regarder;[sound:vocab-french-regarder.mp3];ver
water - french;"<img src=""vocab-water.jpg"">";eau;[sound:vocab-french-eau.mp3];agua
wave - french;"<img src=""vocab-wave.jpg"">";vague;[sound:vocab-french-vague.mp3];ola
we - french;"<img src=""vocab-we.jpg"">";nous;[sound:vocab-french-nous.mp3];nosotros
weak - french;"<img src=""vocab-weak.jpg"">";faible;[sound:vocab-french-faible.mp3];débil
wear - french;"<img src=""vocab-wear.jpg"">";porter;[sound:vocab-french-porter.mp3];vestir
wedding - french;"<img src=""vocab-wedding.jpg"">";mariage;[sound:vocab-french-mariage.mp3];boda
Wednesday - french;"<img src=""vocab-Wednesday.jpg"">";mercredi;[sound:vocab-french-mercredi.mp3];miércoles
week - french;"<img src=""vocab-week.jpg"">";semaine;[sound:vocab-french-semaine.mp3];semana
weight - french;"<img src=""vocab-weight.jpg"">";poids;[sound:vocab-french-poids.mp3];peso
west - french;"<img src=""vocab-west.jpg"">";ouest;[sound:vocab-french-ouest.mp3];oeste
wet - french;"<img src=""vocab-wet.jpg"">";mouiller;[sound:vocab-french-mouiller.mp3];mojado
white - french;"<img src=""vocab-white.jpg"">";blanc;[sound:vocab-french-blanc.mp3];blanco
wide - french;"<img src=""vocab-wide.jpg"">";large;[sound:vocab-french-large.mp3];amplio
wife - french;"<img src=""vocab-wife.jpg"">";épouse;[sound:vocab-french-épouse.mp3];esposa
win - french;"<img src=""vocab-win.jpg"">";gagner;[sound:vocab-french-gagner.mp3];ganar
wind - french;"<img src=""vocab-wind.jpg"">";vent;[sound:vocab-french-vent.mp3];viento
window - french;"<img src=""vocab-window.jpg"">";fenêtre;[sound:vocab-french-fenêtre.mp3];ventana
wine - french;"<img src=""vocab-wine.jpg"">";vin;[sound:vocab-french-vin.mp3];vino
wing - french;"<img src=""vocab-wing.jpg"">";aile;[sound:vocab-french-aile.mp3];ala
winter - french;"<img src=""vocab-winter.jpg"">";hiver;[sound:vocab-french-hiver.mp3];invierno
woman - french;"<img src=""vocab-woman.jpg"">";femme;[sound:vocab-french-femme.mp3];mujer
wood - french;"<img src=""vocab-wood.jpg"">";bois;[sound:vocab-french-bois.mp3];madera
work - french;"<img src=""vocab-work.jpg"">";travailler;[sound:vocab-french-travailler.mp3];trabajar
world - french;"<img src=""vocab-world.jpg"">";monde;[sound:vocab-french-monde.mp3];mundo
write - french;"<img src=""vocab-write.jpg"">";écrire;[sound:vocab-french-écrire.mp3];escribir
year - french;"<img src=""vocab-year.jpg"">";an;[sound:vocab-french-an.mp3];año
yellow - french;"<img src=""vocab-yellow.jpg"">";jaune;[sound:vocab-french-jaune.mp3];amarillo
yes - french;"<img src=""vocab-yes.jpg"">";oui;[sound:vocab-french-oui.mp3];sí
you (plural) - french;"<img src=""vocab-you (plural).jpg"">";vous;[sound:vocab-french-vous.mp3];ustedes
you (singular) - french;"<img src=""vocab-you (singular).jpg"">";toi;[sound:vocab-french-toi.mp3];tú
young - french;"<img src=""vocab-young.jpg"">";jeune;[sound:vocab-french-jeune.mp3];joven
zero - french;"<img src=""vocab-zero.jpg"">";zéro;[sound:vocab-french-zéro.mp3];cero
