first_field;image_html;portuguese;portuguese_audio_html
accident - portuguese;"<img src=""vocab-accident.jpg"">";acidente;[sound:vocab-portuguese-acidente.mp3]
actor - portuguese;"<img src=""vocab-actor.jpg"">";ator;[sound:vocab-portuguese-ator.mp3]
adult - portuguese;"<img src=""vocab-adult.jpg"">";adulto;[sound:vocab-portuguese-adulto.mp3]
afternoon - portuguese;"<img src=""vocab-afternoon.jpg"">";tarde;[sound:vocab-portuguese-tarde.mp3]
air - portuguese;"<img src=""vocab-air.jpg"">";ar;[sound:vocab-portuguese-ar.mp3]
airport - portuguese;"<img src=""vocab-airport.jpg"">";aeroporto;[sound:vocab-portuguese-aeroporto.mp3]
alive - portuguese;"<img src=""vocab-alive.jpg"">";vivo;[sound:vocab-portuguese-vivo.mp3]
alone - portuguese;"<img src=""vocab-alone.jpg"">";sozinho;[sound:vocab-portuguese-sozinho.mp3]
angle - portuguese;"<img src=""vocab-angle.jpg"">";ângulo;[sound:vocab-portuguese-ângulo.mp3]
animal - portuguese;"<img src=""vocab-animal.jpg"">";animal;[sound:vocab-portuguese-animal.mp3]
answer - portuguese;"<img src=""vocab-answer.jpg"">";responder;[sound:vocab-portuguese-responder.mp3]
ant - portuguese;"<img src=""vocab-ant.jpg"">";formiga;[sound:vocab-portuguese-formiga.mp3]
apartment - portuguese;"<img src=""vocab-apartment.jpg"">";apartamento;[sound:vocab-portuguese-apartamento.mp3]
apple - portuguese;"<img src=""vocab-apple.jpg"">";maçã;[sound:vocab-portuguese-maçã.mp3]
April - portuguese;"<img src=""vocab-April.jpg"">";abril;[sound:vocab-portuguese-abril.mp3]
arch - portuguese;"<img src=""vocab-arch.jpg"">";arco;[sound:vocab-portuguese-arco.mp3]
arm - portuguese;"<img src=""vocab-arm.jpg"">";braço;[sound:vocab-portuguese-braço.mp3]
army - portuguese;"<img src=""vocab-army.jpg"">";exército;[sound:vocab-portuguese-exército.mp3]
art - portuguese;"<img src=""vocab-art.jpg"">";arte;[sound:vocab-portuguese-arte.mp3]
artist - portuguese;"<img src=""vocab-artist.jpg"">";artista;[sound:vocab-portuguese-artista.mp3]
ask - portuguese;"<img src=""vocab-ask.jpg"">";perguntar;[sound:vocab-portuguese-perguntar.mp3]
attack - portuguese;"<img src=""vocab-attack.jpg"">";ataque;[sound:vocab-portuguese-ataque.mp3]
August - portuguese;"<img src=""vocab-August.jpg"">";agosto;[sound:vocab-portuguese-agosto.mp3]
author - portuguese;"<img src=""vocab-author.jpg"">";autor;[sound:vocab-portuguese-autor.mp3]
baby - portuguese;"<img src=""vocab-baby.jpg"">";bebê;[sound:vocab-portuguese-bebê.mp3]
back (body) - portuguese;"<img src=""vocab-back (body).jpg"">";costas;[sound:vocab-portuguese-costas.mp3]
back (direction) - portuguese;"<img src=""vocab-back (direction).jpg"">";atrás;[sound:vocab-portuguese-atrás.mp3]
bad - portuguese;"<img src=""vocab-bad.jpg"">";mau;[sound:vocab-portuguese-mau.mp3]
bag - portuguese;"<img src=""vocab-bag.jpg"">";bolsa;[sound:vocab-portuguese-bolsa.mp3]
ball - portuguese;"<img src=""vocab-ball.jpg"">";bola;[sound:vocab-portuguese-bola.mp3]
banana - portuguese;"<img src=""vocab-banana.jpg"">";banana;[sound:vocab-portuguese-banana.mp3]
band - portuguese;"<img src=""vocab-band.jpg"">";banda;[sound:vocab-portuguese-banda.mp3]
bank - portuguese;"<img src=""vocab-bank.jpg"">";banco;[sound:vocab-portuguese-banco.mp3]
bar - portuguese;"<img src=""vocab-bar.jpg"">";bar;[sound:vocab-portuguese-bar.mp3]
basket - portuguese;"<img src=""vocab-basket.jpg"">";cesta;[sound:vocab-portuguese-cesta.mp3]
bath - portuguese;"<img src=""vocab-bath.jpg"">";banheira;[sound:vocab-portuguese-banheira.mp3]
bathroom - portuguese;"<img src=""vocab-bathroom.jpg"">";banheiro;[sound:vocab-portuguese-banheiro.mp3]
beach - portuguese;"<img src=""vocab-beach.jpg"">";praia;[sound:vocab-portuguese-praia.mp3]
beard - portuguese;"<img src=""vocab-beard.jpg"">";barba;[sound:vocab-portuguese-barba.mp3]
beat - portuguese;"<img src=""vocab-beat.jpg"">";derrotar;[sound:vocab-portuguese-derrotar.mp3]
beautiful - portuguese;"<img src=""vocab-beautiful.jpg"">";belo;[sound:vocab-portuguese-belo.mp3]
bed - portuguese;"<img src=""vocab-bed.jpg"">";cama;[sound:vocab-portuguese-cama.mp3]
bedroom - portuguese;"<img src=""vocab-bedroom.jpg"">";quarto;[sound:vocab-portuguese-quarto.mp3]
bee - portuguese;"<img src=""vocab-bee.jpg"">";abelha;[sound:vocab-portuguese-abelha.mp3]
beef - portuguese;"<img src=""vocab-beef.jpg"">";carne bovina;[sound:vocab-portuguese-carne bovina.mp3]
beer - portuguese;"<img src=""vocab-beer.jpg"">";cerveja;[sound:vocab-portuguese-cerveja.mp3]
bell - portuguese;"<img src=""vocab-bell.jpg"">";sino;[sound:vocab-portuguese-sino.mp3]
bend - portuguese;"<img src=""vocab-bend.jpg"">";dobrar;[sound:vocab-portuguese-dobrar.mp3]
berry - portuguese;"<img src=""vocab-berry.jpg"">";baga;[sound:vocab-portuguese-baga.mp3]
beverage - portuguese;"<img src=""vocab-beverage.jpg"">";bebida;[sound:vocab-portuguese-bebida.mp3]
bicycle - portuguese;"<img src=""vocab-bicycle.jpg"">";bicicleta;[sound:vocab-portuguese-bicicleta.mp3]
big - portuguese;"<img src=""vocab-big.jpg"">";grande;[sound:vocab-portuguese-grande.mp3]
bill - portuguese;"<img src=""vocab-bill.jpg"">";conta;[sound:vocab-portuguese-conta.mp3]
billion - portuguese;"<img src=""vocab-billion.jpg"">";bilhão;[sound:vocab-portuguese-bilhão.mp3]
bird - portuguese;"<img src=""vocab-bird.jpg"">";pássaro;[sound:vocab-portuguese-pássaro.mp3]
black - portuguese;"<img src=""vocab-black.jpg"">";preto;[sound:vocab-portuguese-preto.mp3]
blade - portuguese;"<img src=""vocab-blade.jpg"">";lâmina;[sound:vocab-portuguese-lâmina.mp3]
blind - portuguese;"<img src=""vocab-blind.jpg"">";cego;[sound:vocab-portuguese-cego.mp3]
blood - portuguese;"<img src=""vocab-blood.jpg"">";sangue;[sound:vocab-portuguese-sangue.mp3]
blue - portuguese;"<img src=""vocab-blue.jpg"">";azul;[sound:vocab-portuguese-azul.mp3]
board - portuguese;"<img src=""vocab-board.jpg"">";tábua;[sound:vocab-portuguese-tábua.mp3]
boat - portuguese;"<img src=""vocab-boat.jpg"">";barco;[sound:vocab-portuguese-barco.mp3]
body - portuguese;"<img src=""vocab-body.jpg"">";corpo;[sound:vocab-portuguese-corpo.mp3]
bone - portuguese;"<img src=""vocab-bone.jpg"">";osso;[sound:vocab-portuguese-osso.mp3]
book - portuguese;"<img src=""vocab-book.jpg"">";livro;[sound:vocab-portuguese-livro.mp3]
boot - portuguese;"<img src=""vocab-boot.jpg"">";bota;[sound:vocab-portuguese-bota.mp3]
bottle - portuguese;"<img src=""vocab-bottle.jpg"">";garrafa;[sound:vocab-portuguese-garrafa.mp3]
bottom - portuguese;"<img src=""vocab-bottom.jpg"">";fundo;[sound:vocab-portuguese-fundo.mp3]
box - portuguese;"<img src=""vocab-box.jpg"">";caixa;[sound:vocab-portuguese-caixa.mp3]
boy - portuguese;"<img src=""vocab-boy.jpg"">";menino;[sound:vocab-portuguese-menino.mp3]
brain - portuguese;"<img src=""vocab-brain.jpg"">";cérebro;[sound:vocab-portuguese-cérebro.mp3]
brake - portuguese;"<img src=""vocab-brake.jpg"">";freio;[sound:vocab-portuguese-freio.mp3]
branch - portuguese;"<img src=""vocab-branch.jpg"">";filial;[sound:vocab-portuguese-filial.mp3]
bread - portuguese;"<img src=""vocab-bread.jpg"">";pão;[sound:vocab-portuguese-pão.mp3]
break - portuguese;"<img src=""vocab-break.jpg"">";quebrar;[sound:vocab-portuguese-quebrar.mp3]
breakfast - portuguese;"<img src=""vocab-breakfast.jpg"">";café da manhã;[sound:vocab-portuguese-café da manhã.mp3]
brick - portuguese;"<img src=""vocab-brick.jpg"">";tijolo;[sound:vocab-portuguese-tijolo.mp3]
bridge - portuguese;"<img src=""vocab-bridge.jpg"">";ponte;[sound:vocab-portuguese-ponte.mp3]
bring - portuguese;"<img src=""vocab-bring.jpg"">";trazer;[sound:vocab-portuguese-trazer.mp3]
brother - portuguese;"<img src=""vocab-brother.jpg"">";irmão;[sound:vocab-portuguese-irmão.mp3]
brown - portuguese;"<img src=""vocab-brown.jpg"">";castanho;[sound:vocab-portuguese-castanho.mp3]
brush - portuguese;"<img src=""vocab-brush.jpg"">";escova;[sound:vocab-portuguese-escova.mp3]
bucket - portuguese;"<img src=""vocab-bucket.jpg"">";balde;[sound:vocab-portuguese-balde.mp3]
build - portuguese;"<img src=""vocab-build.jpg"">";construir;[sound:vocab-portuguese-construir.mp3]
building - portuguese;"<img src=""vocab-building.jpg"">";prédio;[sound:vocab-portuguese-prédio.mp3]
bulb - portuguese;"<img src=""vocab-bulb.jpg"">";lâmpada;[sound:vocab-portuguese-lâmpada.mp3]
burn - portuguese;"<img src=""vocab-burn.jpg"">";queimar;[sound:vocab-portuguese-queimar.mp3]
bus - portuguese;"<img src=""vocab-bus.jpg"">";ônibus;[sound:vocab-portuguese-ônibus.mp3]
button - portuguese;"<img src=""vocab-button.jpg"">";botão;[sound:vocab-portuguese-botão.mp3]
buy - portuguese;"<img src=""vocab-buy.jpg"">";comprar;[sound:vocab-portuguese-comprar.mp3]
cake - portuguese;"<img src=""vocab-cake.jpg"">";bolo;[sound:vocab-portuguese-bolo.mp3]
call - portuguese;"<img src=""vocab-call.jpg"">";chamar;[sound:vocab-portuguese-chamar.mp3]
camera - portuguese;"<img src=""vocab-camera.jpg"">";câmera;[sound:vocab-portuguese-câmera.mp3]
camp - portuguese;"<img src=""vocab-camp.jpg"">";acampamento;[sound:vocab-portuguese-acampamento.mp3]
car - portuguese;"<img src=""vocab-car.jpg"">";carro;[sound:vocab-portuguese-carro.mp3]
card - portuguese;"<img src=""vocab-card.jpg"">";cartão;[sound:vocab-portuguese-cartão.mp3]
carriage - portuguese;"<img src=""vocab-carriage.jpg"">";carruagem;[sound:vocab-portuguese-carruagem.mp3]
carry - portuguese;"<img src=""vocab-carry.jpg"">";levar;[sound:vocab-portuguese-levar.mp3]
cart - portuguese;"<img src=""vocab-cart.jpg"">";carrinho;[sound:vocab-portuguese-carrinho.mp3]
cat - portuguese;"<img src=""vocab-cat.jpg"">";gato;[sound:vocab-portuguese-gato.mp3]
catch - portuguese;"<img src=""vocab-catch.jpg"">";pegar;[sound:vocab-portuguese-pegar.mp3]
ceiling - portuguese;"<img src=""vocab-ceiling.jpg"">";teto;[sound:vocab-portuguese-teto.mp3]
cell phone - portuguese;"<img src=""vocab-cell phone.jpg"">";celular;[sound:vocab-portuguese-celular.mp3]
centimeter - portuguese;"<img src=""vocab-centimeter.jpg"">";centímetro;[sound:vocab-portuguese-centímetro.mp3]
chain - portuguese;"<img src=""vocab-chain.jpg"">";corrente;[sound:vocab-portuguese-corrente.mp3]
chair - portuguese;"<img src=""vocab-chair.jpg"">";cadeira;[sound:vocab-portuguese-cadeira.mp3]
cheap - portuguese;"<img src=""vocab-cheap.jpg"">";barato;[sound:vocab-portuguese-barato.mp3]
cheese - portuguese;"<img src=""vocab-cheese.jpg"">";queijo;[sound:vocab-portuguese-queijo.mp3]
chest - portuguese;"<img src=""vocab-chest.jpg"">";peito;[sound:vocab-portuguese-peito.mp3]
chicken - portuguese;"<img src=""vocab-chicken.jpg"">";frango;[sound:vocab-portuguese-frango.mp3]
child - portuguese;"<img src=""vocab-child.jpg"">";criança;[sound:vocab-portuguese-criança.mp3]
chin - portuguese;"<img src=""vocab-chin.jpg"">";queixo;[sound:vocab-portuguese-queixo.mp3]
church - portuguese;"<img src=""vocab-church.jpg"">";igreja;[sound:vocab-portuguese-igreja.mp3]
circle - portuguese;"<img src=""vocab-circle.jpg"">";círculo;[sound:vocab-portuguese-círculo.mp3]
city - portuguese;"<img src=""vocab-city.jpg"">";cidade;[sound:vocab-portuguese-cidade.mp3]
clay - portuguese;"<img src=""vocab-clay.jpg"">";argila;[sound:vocab-portuguese-argila.mp3]
clean (adjective) - portuguese;"<img src=""vocab-clean (adjective).jpg"">";limpo;[sound:vocab-portuguese-limpo.mp3]
clean (verb) - portuguese;"<img src=""vocab-clean (verb).jpg"">";limpar;[sound:vocab-portuguese-limpar.mp3]
clock - portuguese;"<img src=""vocab-clock.jpg"">";relógio;[sound:vocab-portuguese-relógio.mp3]
close - portuguese;"<img src=""vocab-close.jpg"">";fechar;[sound:vocab-portuguese-fechar.mp3]
clothing - portuguese;"<img src=""vocab-clothing.jpg"">";roupas;[sound:vocab-portuguese-roupas.mp3]
cloud - portuguese;"<img src=""vocab-cloud.jpg"">";nuvem;[sound:vocab-portuguese-nuvem.mp3]
club - portuguese;"<img src=""vocab-club.jpg"">";clube;[sound:vocab-portuguese-clube.mp3]
coat - portuguese;"<img src=""vocab-coat.jpg"">";casaco;[sound:vocab-portuguese-casaco.mp3]
coffee - portuguese;"<img src=""vocab-coffee.jpg"">";café;[sound:vocab-portuguese-café.mp3]
cold - portuguese;"<img src=""vocab-cold.jpg"">";frio;[sound:vocab-portuguese-frio.mp3]
collar - portuguese;"<img src=""vocab-collar.jpg"">";colarinho;[sound:vocab-portuguese-colarinho.mp3]
color - portuguese;"<img src=""vocab-color.jpg"">";cor;[sound:vocab-portuguese-cor.mp3]
comb - portuguese;"<img src=""vocab-comb.jpg"">";pente;[sound:vocab-portuguese-pente.mp3]
come - portuguese;"<img src=""vocab-come.jpg"">";vir;[sound:vocab-portuguese-vir.mp3]
computer - portuguese;"<img src=""vocab-computer.jpg"">";computador;[sound:vocab-portuguese-computador.mp3]
consonant - portuguese;"<img src=""vocab-consonant.jpg"">";consoante;[sound:vocab-portuguese-consoante.mp3]
contract - portuguese;"<img src=""vocab-contract.jpg"">";contrato;[sound:vocab-portuguese-contrato.mp3]
cook - portuguese;"<img src=""vocab-cook.jpg"">";cozinhar;[sound:vocab-portuguese-cozinhar.mp3]
copper - portuguese;"<img src=""vocab-copper.jpg"">";cobre;[sound:vocab-portuguese-cobre.mp3]
cord - portuguese;"<img src=""vocab-cord.jpg"">";fio;[sound:vocab-portuguese-fio.mp3]
corn - portuguese;"<img src=""vocab-corn.jpg"">";milho;[sound:vocab-portuguese-milho.mp3]
corner - portuguese;"<img src=""vocab-corner.jpg"">";canto;[sound:vocab-portuguese-canto.mp3]
count - portuguese;"<img src=""vocab-count.jpg"">";contar;[sound:vocab-portuguese-contar.mp3]
country - portuguese;"<img src=""vocab-country.jpg"">";país;[sound:vocab-portuguese-país.mp3]
court - portuguese;"<img src=""vocab-court.jpg"">";quadra;[sound:vocab-portuguese-quadra.mp3]
cow - portuguese;"<img src=""vocab-cow.jpg"">";vaca;[sound:vocab-portuguese-vaca.mp3]
crowd - portuguese;"<img src=""vocab-crowd.jpg"">";multidão;[sound:vocab-portuguese-multidão.mp3]
cry - portuguese;"<img src=""vocab-cry.jpg"">";chorar;[sound:vocab-portuguese-chorar.mp3]
cup - portuguese;"<img src=""vocab-cup.jpg"">";copo;[sound:vocab-portuguese-copo.mp3]
curtain - portuguese;"<img src=""vocab-curtain.jpg"">";cortina;[sound:vocab-portuguese-cortina.mp3]
curved - portuguese;"<img src=""vocab-curved.jpg"">";curvado;[sound:vocab-portuguese-curvado.mp3]
cushion - portuguese;"<img src=""vocab-cushion.jpg"">";almofada;[sound:vocab-portuguese-almofada.mp3]
cut - portuguese;"<img src=""vocab-cut.jpg"">";cortar;[sound:vocab-portuguese-cortar.mp3]
dance - portuguese;"<img src=""vocab-dance.jpg"">";dançar;[sound:vocab-portuguese-dançar.mp3]
dark - portuguese;"<img src=""vocab-dark.jpg"">";escuro;[sound:vocab-portuguese-escuro.mp3]
date - portuguese;"<img src=""vocab-date.jpg"">";data;[sound:vocab-portuguese-data.mp3]
daughter - portuguese;"<img src=""vocab-daughter.jpg"">";filha;[sound:vocab-portuguese-filha.mp3]
day - portuguese;"<img src=""vocab-day.jpg"">";dia;[sound:vocab-portuguese-dia.mp3]
dead - portuguese;"<img src=""vocab-dead.jpg"">";morto;[sound:vocab-portuguese-morto.mp3]
deaf - portuguese;"<img src=""vocab-deaf.jpg"">";surdo;[sound:vocab-portuguese-surdo.mp3]
death - portuguese;"<img src=""vocab-death.jpg"">";morte;[sound:vocab-portuguese-morte.mp3]
December - portuguese;"<img src=""vocab-December.jpg"">";dezembro;[sound:vocab-portuguese-dezembro.mp3]
deep - portuguese;"<img src=""vocab-deep.jpg"">";profundo;[sound:vocab-portuguese-profundo.mp3]
diamond - portuguese;"<img src=""vocab-diamond.jpg"">";diamante;[sound:vocab-portuguese-diamante.mp3]
die - portuguese;"<img src=""vocab-die.jpg"">";morrer;[sound:vocab-portuguese-morrer.mp3]
difficult - portuguese;"<img src=""vocab-difficult.jpg"">";difícil;[sound:vocab-portuguese-difícil.mp3]
dig - portuguese;"<img src=""vocab-dig.jpg"">";cavar;[sound:vocab-portuguese-cavar.mp3]
dinner - portuguese;"<img src=""vocab-dinner.jpg"">";jantar;[sound:vocab-portuguese-jantar.mp3]
direction - portuguese;"<img src=""vocab-direction.jpg"">";direção;[sound:vocab-portuguese-direção.mp3]
dirty - portuguese;"<img src=""vocab-dirty.jpg"">";sujo;[sound:vocab-portuguese-sujo.mp3]
disease - portuguese;"<img src=""vocab-disease.jpg"">";doença;[sound:vocab-portuguese-doença.mp3]
doctor - portuguese;"<img src=""vocab-doctor.jpg"">";doutor;[sound:vocab-portuguese-doutor.mp3]
dog - portuguese;"<img src=""vocab-dog.jpg"">";cachorro;[sound:vocab-portuguese-cachorro.mp3]
dollar - portuguese;"<img src=""vocab-dollar.jpg"">";dólar;[sound:vocab-portuguese-dólar.mp3]
door - portuguese;"<img src=""vocab-door.jpg"">";porta;[sound:vocab-portuguese-porta.mp3]
dot - portuguese;"<img src=""vocab-dot.jpg"">";ponto;[sound:vocab-portuguese-ponto.mp3]
down - portuguese;"<img src=""vocab-down.jpg"">";embaixo;[sound:vocab-portuguese-embaixo.mp3]
drain - portuguese;"<img src=""vocab-drain.jpg"">";ralo;[sound:vocab-portuguese-ralo.mp3]
draw - portuguese;"<img src=""vocab-draw.jpg"">";desenhar;[sound:vocab-portuguese-desenhar.mp3]
drawer - portuguese;"<img src=""vocab-drawer.jpg"">";gaveta;[sound:vocab-portuguese-gaveta.mp3]
dream - portuguese;"<img src=""vocab-dream.jpg"">";sonhe;[sound:vocab-portuguese-sonhe.mp3]
dress - portuguese;"<img src=""vocab-dress.jpg"">";vestido;[sound:vocab-portuguese-vestido.mp3]
drink - portuguese;"<img src=""vocab-drink.jpg"">";beber;[sound:vocab-portuguese-beber.mp3]
drive - portuguese;"<img src=""vocab-drive.jpg"">";conduzir;[sound:vocab-portuguese-conduzir.mp3]
drop - portuguese;"<img src=""vocab-drop.jpg"">";gota;[sound:vocab-portuguese-gota.mp3]
drug - portuguese;"<img src=""vocab-drug.jpg"">";medicamento;[sound:vocab-portuguese-medicamento.mp3]
dry - portuguese;"<img src=""vocab-dry.jpg"">";seco;[sound:vocab-portuguese-seco.mp3]
dust - portuguese;"<img src=""vocab-dust.jpg"">";pó;[sound:vocab-portuguese-pó.mp3]
ear - portuguese;"<img src=""vocab-ear.jpg"">";orelha;[sound:vocab-portuguese-orelha.mp3]
Earth - portuguese;"<img src=""vocab-Earth.jpg"">";terra;[sound:vocab-portuguese-terra.mp3]
east - portuguese;"<img src=""vocab-east.jpg"">";leste;[sound:vocab-portuguese-leste.mp3]
easy - portuguese;"<img src=""vocab-easy.jpg"">";fácil;[sound:vocab-portuguese-fácil.mp3]
eat - portuguese;"<img src=""vocab-eat.jpg"">";comer;[sound:vocab-portuguese-comer.mp3]
edge - portuguese;"<img src=""vocab-edge.jpg"">";beira;[sound:vocab-portuguese-beira.mp3]
egg - portuguese;"<img src=""vocab-egg.jpg"">";ovo;[sound:vocab-portuguese-ovo.mp3]
eight - portuguese;"<img src=""vocab-eight.jpg"">";oito;[sound:vocab-portuguese-oito.mp3]
eighteen - portuguese;"<img src=""vocab-eighteen.jpg"">";dezoito;[sound:vocab-portuguese-dezoito.mp3]
eighty - portuguese;"<img src=""vocab-eighty.jpg"">";oitenta;[sound:vocab-portuguese-oitenta.mp3]
election - portuguese;"<img src=""vocab-election.jpg"">";eleição;[sound:vocab-portuguese-eleição.mp3]
electronics - portuguese;"<img src=""vocab-electronics.jpg"">";eletrônicos;[sound:vocab-portuguese-eletrônicos.mp3]
eleven - portuguese;"<img src=""vocab-eleven.jpg"">";onze;[sound:vocab-portuguese-onze.mp3]
energy - portuguese;"<img src=""vocab-energy.jpg"">";energia;[sound:vocab-portuguese-energia.mp3]
engine - portuguese;"<img src=""vocab-engine.jpg"">";motor;[sound:vocab-portuguese-motor.mp3]
escape - portuguese;"<img src=""vocab-escape.jpg"">";escapar;[sound:vocab-portuguese-escapar.mp3]
evening - portuguese;"<img src=""vocab-evening.jpg"">";noite;[sound:vocab-portuguese-noite.mp3]
exercise - portuguese;"<img src=""vocab-exercise.jpg"">";exercício;[sound:vocab-portuguese-exercício.mp3]
expensive - portuguese;"<img src=""vocab-expensive.jpg"">";caro;[sound:vocab-portuguese-caro.mp3]
explode - portuguese;"<img src=""vocab-explode.jpg"">";explodir;[sound:vocab-portuguese-explodir.mp3]
eye - portuguese;"<img src=""vocab-eye.jpg"">";olho;[sound:vocab-portuguese-olho.mp3]
face - portuguese;"<img src=""vocab-face.jpg"">";cara;[sound:vocab-portuguese-cara.mp3]
fall (season) - portuguese;"<img src=""vocab-fall (season).jpg"">";outono;[sound:vocab-portuguese-outono.mp3]
fall (verb) - portuguese;"<img src=""vocab-fall (verb).jpg"">";cair;[sound:vocab-portuguese-cair.mp3]
family - portuguese;"<img src=""vocab-family.jpg"">";família;[sound:vocab-portuguese-família.mp3]
famous - portuguese;"<img src=""vocab-famous.jpg"">";famoso;[sound:vocab-portuguese-famoso.mp3]
fan (device) - portuguese;"<img src=""vocab-fan (device).jpg"">";ventilador;[sound:vocab-portuguese-ventilador.mp3]
fan (person) - portuguese;"<img src=""vocab-fan (person).jpg"">";fã;[sound:vocab-portuguese-fã.mp3]
far - portuguese;"<img src=""vocab-far.jpg"">";longe;[sound:vocab-portuguese-longe.mp3]
farm - portuguese;"<img src=""vocab-farm.jpg"">";fazenda;[sound:vocab-portuguese-fazenda.mp3]
fast - portuguese;"<img src=""vocab-fast.jpg"">";rápido;[sound:vocab-portuguese-rápido.mp3]
father - portuguese;"<img src=""vocab-father.jpg"">";pai;[sound:vocab-portuguese-pai.mp3]
feather - portuguese;"<img src=""vocab-feather.jpg"">";pena;[sound:vocab-portuguese-pena.mp3]
February - portuguese;"<img src=""vocab-February.jpg"">";fevereiro;[sound:vocab-portuguese-fevereiro.mp3]
feed - portuguese;"<img src=""vocab-feed.jpg"">";alimentação;[sound:vocab-portuguese-alimentação.mp3]
female - portuguese;"<img src=""vocab-female.jpg"">";fêmea;[sound:vocab-portuguese-fêmea.mp3]
fifteen - portuguese;"<img src=""vocab-fifteen.jpg"">";quinze;[sound:vocab-portuguese-quinze.mp3]
fifth - portuguese;"<img src=""vocab-fifth.jpg"">";quinto;[sound:vocab-portuguese-quinto.mp3]
fifty - portuguese;"<img src=""vocab-fifty.jpg"">";cinquenta;[sound:vocab-portuguese-cinquenta.mp3]
fight - portuguese;"<img src=""vocab-fight.jpg"">";lutar;[sound:vocab-portuguese-lutar.mp3]
find - portuguese;"<img src=""vocab-find.jpg"">";encontrar;[sound:vocab-portuguese-encontrar.mp3]
finger - portuguese;"<img src=""vocab-finger.jpg"">";dedo;[sound:vocab-portuguese-dedo.mp3]
fire - portuguese;"<img src=""vocab-fire.jpg"">";fogo;[sound:vocab-portuguese-fogo.mp3]
first - portuguese;"<img src=""vocab-first.jpg"">";primeiro;[sound:vocab-portuguese-primeiro.mp3]
fish - portuguese;"<img src=""vocab-fish.jpg"">";peixe;[sound:vocab-portuguese-peixe.mp3]
five - portuguese;"<img src=""vocab-five.jpg"">";cinco;[sound:vocab-portuguese-cinco.mp3]
flag - portuguese;"<img src=""vocab-flag.jpg"">";bandeira;[sound:vocab-portuguese-bandeira.mp3]
flat - portuguese;"<img src=""vocab-flat.jpg"">";plano;[sound:vocab-portuguese-plano.mp3]
floor - portuguese;"<img src=""vocab-floor.jpg"">";piso;[sound:vocab-portuguese-piso.mp3]
flower - portuguese;"<img src=""vocab-flower.jpg"">";flor;[sound:vocab-portuguese-flor.mp3]
fly - portuguese;"<img src=""vocab-fly.jpg"">";mosca;[sound:vocab-portuguese-mosca.mp3]
follow - portuguese;"<img src=""vocab-follow.jpg"">";seguir;[sound:vocab-portuguese-seguir.mp3]
food - portuguese;"<img src=""vocab-food.jpg"">";comida;[sound:vocab-portuguese-comida.mp3]
foot - portuguese;"<img src=""vocab-foot.jpg"">";pé;[sound:vocab-portuguese-pé.mp3]
forest - portuguese;"<img src=""vocab-forest.jpg"">";floresta;[sound:vocab-portuguese-floresta.mp3]
fork - portuguese;"<img src=""vocab-fork.jpg"">";garfo;[sound:vocab-portuguese-garfo.mp3]
forty - portuguese;"<img src=""vocab-forty.jpg"">";quarenta;[sound:vocab-portuguese-quarenta.mp3]
four - portuguese;"<img src=""vocab-four.jpg"">";quatro;[sound:vocab-portuguese-quatro.mp3]
fourteen - portuguese;"<img src=""vocab-fourteen.jpg"">";quatorze;[sound:vocab-portuguese-quatorze.mp3]
fourth - portuguese;"<img src=""vocab-fourth.jpg"">";quarto;[sound:vocab-portuguese-quarto.mp3]
frame - portuguese;"<img src=""vocab-frame.jpg"">";quadro;[sound:vocab-portuguese-quadro.mp3]
free - portuguese;"<img src=""vocab-free.jpg"">";livre;[sound:vocab-portuguese-livre.mp3]
Friday - portuguese;"<img src=""vocab-Friday.jpg"">";sexta-feira;[sound:vocab-portuguese-sexta-feira.mp3]
friend - portuguese;"<img src=""vocab-friend.jpg"">";amigo;[sound:vocab-portuguese-amigo.mp3]
front - portuguese;"<img src=""vocab-front.jpg"">";frente;[sound:vocab-portuguese-frente.mp3]
funny - portuguese;"<img src=""vocab-funny.jpg"">";engraçado;[sound:vocab-portuguese-engraçado.mp3]
game - portuguese;"<img src=""vocab-game.jpg"">";jogo;[sound:vocab-portuguese-jogo.mp3]
garden - portuguese;"<img src=""vocab-garden.jpg"">";jardim;[sound:vocab-portuguese-jardim.mp3]
gasoline - portuguese;"<img src=""vocab-gasoline.jpg"">";gasolina;[sound:vocab-portuguese-gasolina.mp3]
gift - portuguese;"<img src=""vocab-gift.jpg"">";presente;[sound:vocab-portuguese-presente.mp3]
girl - portuguese;"<img src=""vocab-girl.jpg"">";garota;[sound:vocab-portuguese-garota.mp3]
give - portuguese;"<img src=""vocab-give.jpg"">";dar;[sound:vocab-portuguese-dar.mp3]
glass - portuguese;"<img src=""vocab-glass.jpg"">";copo;[sound:vocab-portuguese-copo.mp3]
glove - portuguese;"<img src=""vocab-glove.jpg"">";luva;[sound:vocab-portuguese-luva.mp3]
go - portuguese;"<img src=""vocab-go.jpg"">";ir;[sound:vocab-portuguese-ir.mp3]
goat - portuguese;"<img src=""vocab-goat.jpg"">";cabra;[sound:vocab-portuguese-cabra.mp3]
God - portuguese;"<img src=""vocab-God.jpg"">";deus;[sound:vocab-portuguese-deus.mp3]
gold - portuguese;"<img src=""vocab-gold.jpg"">";ouro;[sound:vocab-portuguese-ouro.mp3]
good - portuguese;"<img src=""vocab-good.jpg"">";bom;[sound:vocab-portuguese-bom.mp3]
government - portuguese;"<img src=""vocab-government.jpg"">";governo;[sound:vocab-portuguese-governo.mp3]
grandfather - portuguese;"<img src=""vocab-grandfather.jpg"">";avô;[sound:vocab-portuguese-avô.mp3]
grandmother - portuguese;"<img src=""vocab-grandmother.jpg"">";avó;[sound:vocab-portuguese-avó.mp3]
grass - portuguese;"<img src=""vocab-grass.jpg"">";grama;[sound:vocab-portuguese-grama.mp3]
gray - portuguese;"<img src=""vocab-gray.jpg"">";cinza;[sound:vocab-portuguese-cinza.mp3]
green - portuguese;"<img src=""vocab-green.jpg"">";verde;[sound:vocab-portuguese-verde.mp3]
ground - portuguese;"<img src=""vocab-ground.jpg"">";solo;[sound:vocab-portuguese-solo.mp3]
grow - portuguese;"<img src=""vocab-grow.jpg"">";crescer;[sound:vocab-portuguese-crescer.mp3]
gun - portuguese;"<img src=""vocab-gun.jpg"">";arma;[sound:vocab-portuguese-arma.mp3]
hair - portuguese;"<img src=""vocab-hair.jpg"">";cabelo;[sound:vocab-portuguese-cabelo.mp3]
half - portuguese;"<img src=""vocab-half.jpg"">";metade;[sound:vocab-portuguese-metade.mp3]
hammer - portuguese;"<img src=""vocab-hammer.jpg"">";martelo;[sound:vocab-portuguese-martelo.mp3]
hand - portuguese;"<img src=""vocab-hand.jpg"">";mão;[sound:vocab-portuguese-mão.mp3]
hang - portuguese;"<img src=""vocab-hang.jpg"">";pendurar;[sound:vocab-portuguese-pendurar.mp3]
happy - portuguese;"<img src=""vocab-happy.jpg"">";feliz;[sound:vocab-portuguese-feliz.mp3]
hard - portuguese;"<img src=""vocab-hard.jpg"">";duro;[sound:vocab-portuguese-duro.mp3]
hat - portuguese;"<img src=""vocab-hat.jpg"">";chapéu;[sound:vocab-portuguese-chapéu.mp3]
he - portuguese;"<img src=""vocab-he.jpg"">";ele;[sound:vocab-portuguese-ele.mp3]
head - portuguese;"<img src=""vocab-head.jpg"">";cabeça;[sound:vocab-portuguese-cabeça.mp3]
healthy - portuguese;"<img src=""vocab-healthy.jpg"">";saudável;[sound:vocab-portuguese-saudável.mp3]
hear - portuguese;"<img src=""vocab-hear.jpg"">";ouvir;[sound:vocab-portuguese-ouvir.mp3]
heart - portuguese;"<img src=""vocab-heart.jpg"">";coração;[sound:vocab-portuguese-coração.mp3]
heat - portuguese;"<img src=""vocab-heat.jpg"">";calor;[sound:vocab-portuguese-calor.mp3]
heaven - portuguese;"<img src=""vocab-heaven.jpg"">";paraíso;[sound:vocab-portuguese-paraíso.mp3]
heavy - portuguese;"<img src=""vocab-heavy.jpg"">";pesado;[sound:vocab-portuguese-pesado.mp3]
hell - portuguese;"<img src=""vocab-hell.jpg"">";inferno;[sound:vocab-portuguese-inferno.mp3]
here - portuguese;"<img src=""vocab-here.jpg"">";aqui;[sound:vocab-portuguese-aqui.mp3]
high - portuguese;"<img src=""vocab-high.jpg"">";alto;[sound:vocab-portuguese-alto.mp3]
hill - portuguese;"<img src=""vocab-hill.jpg"">";colina;[sound:vocab-portuguese-colina.mp3]
history - portuguese;"<img src=""vocab-history.jpg"">";história;[sound:vocab-portuguese-história.mp3]
hole - portuguese;"<img src=""vocab-hole.jpg"">";buraco;[sound:vocab-portuguese-buraco.mp3]
hook - portuguese;"<img src=""vocab-hook.jpg"">";gancho;[sound:vocab-portuguese-gancho.mp3]
horn - portuguese;"<img src=""vocab-horn.jpg"">";chifre;[sound:vocab-portuguese-chifre.mp3]
horse - portuguese;"<img src=""vocab-horse.jpg"">";cavalo;[sound:vocab-portuguese-cavalo.mp3]
hospital - portuguese;"<img src=""vocab-hospital.jpg"">";hospital;[sound:vocab-portuguese-hospital.mp3]
hot - portuguese;"<img src=""vocab-hot.jpg"">";quente;[sound:vocab-portuguese-quente.mp3]
hotel - portuguese;"<img src=""vocab-hotel.jpg"">";hotel;[sound:vocab-portuguese-hotel.mp3]
hour - portuguese;"<img src=""vocab-hour.jpg"">";hora;[sound:vocab-portuguese-hora.mp3]
house - portuguese;"<img src=""vocab-house.jpg"">";casa;[sound:vocab-portuguese-casa.mp3]
human - portuguese;"<img src=""vocab-human.jpg"">";humano;[sound:vocab-portuguese-humano.mp3]
hundred - portuguese;"<img src=""vocab-hundred.jpg"">";cem;[sound:vocab-portuguese-cem.mp3]
husband - portuguese;"<img src=""vocab-husband.jpg"">";esposo;[sound:vocab-portuguese-esposo.mp3]
I - portuguese;"<img src=""vocab-I.jpg"">";eu;[sound:vocab-portuguese-eu.mp3]
ice - portuguese;"<img src=""vocab-ice.jpg"">";gelo;[sound:vocab-portuguese-gelo.mp3]
idea - portuguese;"<img src=""vocab-idea.jpg"">";ideia;[sound:vocab-portuguese-ideia.mp3]
image - portuguese;"<img src=""vocab-image.jpg"">";imagem;[sound:vocab-portuguese-imagem.mp3]
inch - portuguese;"<img src=""vocab-inch.jpg"">";polegada;[sound:vocab-portuguese-polegada.mp3]
injury - portuguese;"<img src=""vocab-injury.jpg"">";ferimentos;[sound:vocab-portuguese-ferimentos.mp3]
inside - portuguese;"<img src=""vocab-inside.jpg"">";dentro de;[sound:vocab-portuguese-dentro de.mp3]
instrument - portuguese;"<img src=""vocab-instrument.jpg"">";instrumento;[sound:vocab-portuguese-instrumento.mp3]
island - portuguese;"<img src=""vocab-island.jpg"">";ilha;[sound:vocab-portuguese-ilha.mp3]
it - portuguese;"<img src=""vocab-it.jpg"">";isso;[sound:vocab-portuguese-isso.mp3]
January - portuguese;"<img src=""vocab-January.jpg"">";janeiro;[sound:vocab-portuguese-janeiro.mp3]
jewel - portuguese;"<img src=""vocab-jewel.jpg"">";jóia;[sound:vocab-portuguese-jóia.mp3]
job - portuguese;"<img src=""vocab-job.jpg"">";trabalho;[sound:vocab-portuguese-trabalho.mp3]
juice - portuguese;"<img src=""vocab-juice.jpg"">";sumo;[sound:vocab-portuguese-sumo.mp3]
July - portuguese;"<img src=""vocab-July.jpg"">";julho;[sound:vocab-portuguese-julho.mp3]
jump - portuguese;"<img src=""vocab-jump.jpg"">";pular;[sound:vocab-portuguese-pular.mp3]
June - portuguese;"<img src=""vocab-June.jpg"">";junho;[sound:vocab-portuguese-junho.mp3]
kettle - portuguese;"<img src=""vocab-kettle.jpg"">";chaleira;[sound:vocab-portuguese-chaleira.mp3]
key - portuguese;"<img src=""vocab-key.jpg"">";chave;[sound:vocab-portuguese-chave.mp3]
kill - portuguese;"<img src=""vocab-kill.jpg"">";matar;[sound:vocab-portuguese-matar.mp3]
kilogram - portuguese;"<img src=""vocab-kilogram.jpg"">";quilograma;[sound:vocab-portuguese-quilograma.mp3]
king - portuguese;"<img src=""vocab-king.jpg"">";rei;[sound:vocab-portuguese-rei.mp3]
kiss - portuguese;"<img src=""vocab-kiss.jpg"">";beijo;[sound:vocab-portuguese-beijo.mp3]
kitchen - portuguese;"<img src=""vocab-kitchen.jpg"">";cozinha;[sound:vocab-portuguese-cozinha.mp3]
knee - portuguese;"<img src=""vocab-knee.jpg"">";joelho;[sound:vocab-portuguese-joelho.mp3]
knife - portuguese;"<img src=""vocab-knife.jpg"">";faca;[sound:vocab-portuguese-faca.mp3]
knot - portuguese;"<img src=""vocab-knot.jpg"">";nó;[sound:vocab-portuguese-nó.mp3]
lake - portuguese;"<img src=""vocab-lake.jpg"">";lago;[sound:vocab-portuguese-lago.mp3]
lamp - portuguese;"<img src=""vocab-lamp.jpg"">";luminária;[sound:vocab-portuguese-luminária.mp3]
language - portuguese;"<img src=""vocab-language.jpg"">";idioma;[sound:vocab-portuguese-idioma.mp3]
laptop - portuguese;"<img src=""vocab-laptop.jpg"">";laptop;[sound:vocab-portuguese-laptop.mp3]
last - portuguese;"<img src=""vocab-last.jpg"">";último;[sound:vocab-portuguese-último.mp3]
laugh - portuguese;"<img src=""vocab-laugh.jpg"">";rir;[sound:vocab-portuguese-rir.mp3]
lawyer - portuguese;"<img src=""vocab-lawyer.jpg"">";advogado;[sound:vocab-portuguese-advogado.mp3]
leaf - portuguese;"<img src=""vocab-leaf.jpg"">";folha;[sound:vocab-portuguese-folha.mp3]
learn - portuguese;"<img src=""vocab-learn.jpg"">";aprender;[sound:vocab-portuguese-aprender.mp3]
left - portuguese;"<img src=""vocab-left.jpg"">";esquerda;[sound:vocab-portuguese-esquerda.mp3]
leg - portuguese;"<img src=""vocab-leg.jpg"">";perna;[sound:vocab-portuguese-perna.mp3]
lemon - portuguese;"<img src=""vocab-lemon.jpg"">";limão;[sound:vocab-portuguese-limão.mp3]
letter - portuguese;"<img src=""vocab-letter.jpg"">";carta;[sound:vocab-portuguese-carta.mp3]
library - portuguese;"<img src=""vocab-library.jpg"">";biblioteca;[sound:vocab-portuguese-biblioteca.mp3]
lie down - portuguese;"<img src=""vocab-lie down.jpg"">";deitar;[sound:vocab-portuguese-deitar.mp3]
lift - portuguese;"<img src=""vocab-lift.jpg"">";levantar;[sound:vocab-portuguese-levantar.mp3]
light (brightness) - portuguese;"<img src=""vocab-light (brightness).jpg"">";claro;[sound:vocab-portuguese-claro.mp3]
light (noun) - portuguese;"<img src=""vocab-light (noun).jpg"">";luz;[sound:vocab-portuguese-luz.mp3]
light (weight) - portuguese;"<img src=""vocab-light (weight).jpg"">";leve;[sound:vocab-portuguese-leve.mp3]
line - portuguese;"<img src=""vocab-line.jpg"">";linha;[sound:vocab-portuguese-linha.mp3]
lip - portuguese;"<img src=""vocab-lip.jpg"">";lábio;[sound:vocab-portuguese-lábio.mp3]
listen - portuguese;"<img src=""vocab-listen.jpg"">";ouvir;[sound:vocab-portuguese-ouvir.mp3]
location - portuguese;"<img src=""vocab-location.jpg"">";localização;[sound:vocab-portuguese-localização.mp3]
lock - portuguese;"<img src=""vocab-lock.jpg"">";cadeado;[sound:vocab-portuguese-cadeado.mp3]
long - portuguese;"<img src=""vocab-long.jpg"">";longo;[sound:vocab-portuguese-longo.mp3]
loose - portuguese;"<img src=""vocab-loose.jpg"">";solto;[sound:vocab-portuguese-solto.mp3]
lose - portuguese;"<img src=""vocab-lose.jpg"">";perder;[sound:vocab-portuguese-perder.mp3]
lost - portuguese;"<img src=""vocab-lost.jpg"">";perdido;[sound:vocab-portuguese-perdido.mp3]
loud - portuguese;"<img src=""vocab-loud.jpg"">";alto;[sound:vocab-portuguese-alto.mp3]
love - portuguese;"<img src=""vocab-love.jpg"">";amar;[sound:vocab-portuguese-amar.mp3]
low - portuguese;"<img src=""vocab-low.jpg"">";baixo;[sound:vocab-portuguese-baixo.mp3]
lucky - portuguese;"<img src=""vocab-lucky.jpg"">";afortunado;[sound:vocab-portuguese-afortunado.mp3]
lunch - portuguese;"<img src=""vocab-lunch.jpg"">";almoço;[sound:vocab-portuguese-almoço.mp3]
magazine - portuguese;"<img src=""vocab-magazine.jpg"">";revista;[sound:vocab-portuguese-revista.mp3]
male - portuguese;"<img src=""vocab-male.jpg"">";masculino;[sound:vocab-portuguese-masculino.mp3]
man - portuguese;"<img src=""vocab-man.jpg"">";homen;[sound:vocab-portuguese-homen.mp3]
manager - portuguese;"<img src=""vocab-manager.jpg"">";gerente;[sound:vocab-portuguese-gerente.mp3]
map - portuguese;"<img src=""vocab-map.jpg"">";mapa;[sound:vocab-portuguese-mapa.mp3]
March - portuguese;"<img src=""vocab-March.jpg"">";março;[sound:vocab-portuguese-março.mp3]
market - portuguese;"<img src=""vocab-market.jpg"">";mercado;[sound:vocab-portuguese-mercado.mp3]
marriage - portuguese;"<img src=""vocab-marriage.jpg"">";casado;[sound:vocab-portuguese-casado.mp3]
marry - portuguese;"<img src=""vocab-marry.jpg"">";casar;[sound:vocab-portuguese-casar.mp3]
match - portuguese;"<img src=""vocab-match.jpg"">";fósforo;[sound:vocab-portuguese-fósforo.mp3]
material - portuguese;"<img src=""vocab-material.jpg"">";material;[sound:vocab-portuguese-material.mp3]
May - portuguese;"<img src=""vocab-May.jpg"">";maio;[sound:vocab-portuguese-maio.mp3]
mean - portuguese;"<img src=""vocab-mean.jpg"">";significar;[sound:vocab-portuguese-significar.mp3]
medicine - portuguese;"<img src=""vocab-medicine.jpg"">";medicamento;[sound:vocab-portuguese-medicamento.mp3]
melt - portuguese;"<img src=""vocab-melt.jpg"">";fundição;[sound:vocab-portuguese-fundição.mp3]
message - portuguese;"<img src=""vocab-message.jpg"">";mensagem;[sound:vocab-portuguese-mensagem.mp3]
metal - portuguese;"<img src=""vocab-metal.jpg"">";metal;[sound:vocab-portuguese-metal.mp3]
meter - portuguese;"<img src=""vocab-meter.jpg"">";metro;[sound:vocab-portuguese-metro.mp3]
milk - portuguese;"<img src=""vocab-milk.jpg"">";leite;[sound:vocab-portuguese-leite.mp3]
million - portuguese;"<img src=""vocab-million.jpg"">";milhão;[sound:vocab-portuguese-milhão.mp3]
minute - portuguese;"<img src=""vocab-minute.jpg"">";minuto;[sound:vocab-portuguese-minuto.mp3]
mix - portuguese;"<img src=""vocab-mix.jpg"">";misturar;[sound:vocab-portuguese-misturar.mp3]
Monday - portuguese;"<img src=""vocab-Monday.jpg"">";segunda-feira;[sound:vocab-portuguese-segunda-feira.mp3]
money - portuguese;"<img src=""vocab-money.jpg"">";dinheiro;[sound:vocab-portuguese-dinheiro.mp3]
monkey - portuguese;"<img src=""vocab-monkey.jpg"">";macaco;[sound:vocab-portuguese-macaco.mp3]
month - portuguese;"<img src=""vocab-month.jpg"">";mês;[sound:vocab-portuguese-mês.mp3]
moon - portuguese;"<img src=""vocab-moon.jpg"">";lua;[sound:vocab-portuguese-lua.mp3]
morning - portuguese;"<img src=""vocab-morning.jpg"">";manhã;[sound:vocab-portuguese-manhã.mp3]
mother - portuguese;"<img src=""vocab-mother.jpg"">";mãe;[sound:vocab-portuguese-mãe.mp3]
mountain - portuguese;"<img src=""vocab-mountain.jpg"">";montanha;[sound:vocab-portuguese-montanha.mp3]
mouse - portuguese;"<img src=""vocab-mouse.jpg"">";mouse;[sound:vocab-portuguese-mouse.mp3]
mouth - portuguese;"<img src=""vocab-mouth.jpg"">";boca;[sound:vocab-portuguese-boca.mp3]
movie - portuguese;"<img src=""vocab-movie.jpg"">";filme;[sound:vocab-portuguese-filme.mp3]
murder - portuguese;"<img src=""vocab-murder.jpg"">";assassinato;[sound:vocab-portuguese-assassinato.mp3]
muscle - portuguese;"<img src=""vocab-muscle.jpg"">";músculo;[sound:vocab-portuguese-músculo.mp3]
music - portuguese;"<img src=""vocab-music.jpg"">";música;[sound:vocab-portuguese-música.mp3]
nail - portuguese;"<img src=""vocab-nail.jpg"">";prego;[sound:vocab-portuguese-prego.mp3]
narrow - portuguese;"<img src=""vocab-narrow.jpg"">";estreito;[sound:vocab-portuguese-estreito.mp3]
nature - portuguese;"<img src=""vocab-nature.jpg"">";natureza;[sound:vocab-portuguese-natureza.mp3]
near - portuguese;"<img src=""vocab-near.jpg"">";perto;[sound:vocab-portuguese-perto.mp3]
neck - portuguese;"<img src=""vocab-neck.jpg"">";pescoço;[sound:vocab-portuguese-pescoço.mp3]
needle - portuguese;"<img src=""vocab-needle.jpg"">";agulha;[sound:vocab-portuguese-agulha.mp3]
neighbor - portuguese;"<img src=""vocab-neighbor.jpg"">";vizinho;[sound:vocab-portuguese-vizinho.mp3]
nerve - portuguese;"<img src=""vocab-nerve.jpg"">";nervo;[sound:vocab-portuguese-nervo.mp3]
net - portuguese;"<img src=""vocab-net.jpg"">";rede;[sound:vocab-portuguese-rede.mp3]
network - portuguese;"<img src=""vocab-network.jpg"">";rede;[sound:vocab-portuguese-rede.mp3]
new - portuguese;"<img src=""vocab-new.jpg"">";novo;[sound:vocab-portuguese-novo.mp3]
newspaper - portuguese;"<img src=""vocab-newspaper.jpg"">";jornal;[sound:vocab-portuguese-jornal.mp3]
night - portuguese;"<img src=""vocab-night.jpg"">";noite;[sound:vocab-portuguese-noite.mp3]
nine - portuguese;"<img src=""vocab-nine.jpg"">";nove;[sound:vocab-portuguese-nove.mp3]
nineteen - portuguese;"<img src=""vocab-nineteen.jpg"">";dezenove;[sound:vocab-portuguese-dezenove.mp3]
ninety - portuguese;"<img src=""vocab-ninety.jpg"">";noventa;[sound:vocab-portuguese-noventa.mp3]
no - portuguese;"<img src=""vocab-no.jpg"">";não;[sound:vocab-portuguese-não.mp3]
north - portuguese;"<img src=""vocab-north.jpg"">";norte;[sound:vocab-portuguese-norte.mp3]
nose - portuguese;"<img src=""vocab-nose.jpg"">";nariz;[sound:vocab-portuguese-nariz.mp3]
note - portuguese;"<img src=""vocab-note.jpg"">";nota;[sound:vocab-portuguese-nota.mp3]
November - portuguese;"<img src=""vocab-November.jpg"">";novembro;[sound:vocab-portuguese-novembro.mp3]
nuclear - portuguese;"<img src=""vocab-nuclear.jpg"">";nuclear;[sound:vocab-portuguese-nuclear.mp3]
number - portuguese;"<img src=""vocab-number.jpg"">";número;[sound:vocab-portuguese-número.mp3]
nut - portuguese;"<img src=""vocab-nut.jpg"">";noz;[sound:vocab-portuguese-noz.mp3]
ocean - portuguese;"<img src=""vocab-ocean.jpg"">";oceano;[sound:vocab-portuguese-oceano.mp3]
October - portuguese;"<img src=""vocab-October.jpg"">";outubro;[sound:vocab-portuguese-outubro.mp3]
office - portuguese;"<img src=""vocab-office.jpg"">";escritório;[sound:vocab-portuguese-escritório.mp3]
oil - portuguese;"<img src=""vocab-oil.jpg"">";óleo;[sound:vocab-portuguese-óleo.mp3]
old (people) - portuguese;"<img src=""vocab-old (people).jpg"">";velho;[sound:vocab-portuguese-velho.mp3]
old (things) - portuguese;"<img src=""vocab-old (things).jpg"">";velho;[sound:vocab-portuguese-velho.mp3]
one - portuguese;"<img src=""vocab-one.jpg"">";um;[sound:vocab-portuguese-um.mp3]
open - portuguese;"<img src=""vocab-open.jpg"">";abrir;[sound:vocab-portuguese-abrir.mp3]
orange (color) - portuguese;"<img src=""vocab-orange (color).jpg"">";laranja;[sound:vocab-portuguese-laranja.mp3]
orange (fruit) - portuguese;"<img src=""vocab-orange (fruit).jpg"">";laranja;[sound:vocab-portuguese-laranja.mp3]
outside - portuguese;"<img src=""vocab-outside.jpg"">";fora;[sound:vocab-portuguese-fora.mp3]
oven - portuguese;"<img src=""vocab-oven.jpg"">";forno;[sound:vocab-portuguese-forno.mp3]
page - portuguese;"<img src=""vocab-page.jpg"">";página;[sound:vocab-portuguese-página.mp3]
pain - portuguese;"<img src=""vocab-pain.jpg"">";dor;[sound:vocab-portuguese-dor.mp3]
paint - portuguese;"<img src=""vocab-paint.jpg"">";pintar;[sound:vocab-portuguese-pintar.mp3]
pants - portuguese;"<img src=""vocab-pants.jpg"">";calça;[sound:vocab-portuguese-calça.mp3]
paper - portuguese;"<img src=""vocab-paper.jpg"">";papel;[sound:vocab-portuguese-papel.mp3]
parent - portuguese;"<img src=""vocab-parent.jpg"">";pai;[sound:vocab-portuguese-pai.mp3]
park - portuguese;"<img src=""vocab-park.jpg"">";parque;[sound:vocab-portuguese-parque.mp3]
pass - portuguese;"<img src=""vocab-pass.jpg"">";passar;[sound:vocab-portuguese-passar.mp3]
patient - portuguese;"<img src=""vocab-patient.jpg"">";paciente;[sound:vocab-portuguese-paciente.mp3]
pattern - portuguese;"<img src=""vocab-pattern.jpg"">";padrão;[sound:vocab-portuguese-padrão.mp3]
pay - portuguese;"<img src=""vocab-pay.jpg"">";pagar;[sound:vocab-portuguese-pagar.mp3]
peace - portuguese;"<img src=""vocab-peace.jpg"">";paz;[sound:vocab-portuguese-paz.mp3]
pen - portuguese;"<img src=""vocab-pen.jpg"">";caneta;[sound:vocab-portuguese-caneta.mp3]
pencil - portuguese;"<img src=""vocab-pencil.jpg"">";lápis;[sound:vocab-portuguese-lápis.mp3]
person - portuguese;"<img src=""vocab-person.jpg"">";pessoa;[sound:vocab-portuguese-pessoa.mp3]
photograph - portuguese;"<img src=""vocab-photograph.jpg"">";fotografia;[sound:vocab-portuguese-fotografia.mp3]
picture - portuguese;"<img src=""vocab-picture.jpg"">";desenho;[sound:vocab-portuguese-desenho.mp3]
piece - portuguese;"<img src=""vocab-piece.jpg"">";peça;[sound:vocab-portuguese-peça.mp3]
pig - portuguese;"<img src=""vocab-pig.jpg"">";porco;[sound:vocab-portuguese-porco.mp3]
pin - portuguese;"<img src=""vocab-pin.jpg"">";alfinete;[sound:vocab-portuguese-alfinete.mp3]
pink - portuguese;"<img src=""vocab-pink.jpg"">";rosa;[sound:vocab-portuguese-rosa.mp3]
pipe - portuguese;"<img src=""vocab-pipe.jpg"">";tubo;[sound:vocab-portuguese-tubo.mp3]
plane - portuguese;"<img src=""vocab-plane.jpg"">";avião;[sound:vocab-portuguese-avião.mp3]
plant - portuguese;"<img src=""vocab-plant.jpg"">";planta;[sound:vocab-portuguese-planta.mp3]
plastic - portuguese;"<img src=""vocab-plastic.jpg"">";plástico;[sound:vocab-portuguese-plástico.mp3]
plate - portuguese;"<img src=""vocab-plate.jpg"">";prato;[sound:vocab-portuguese-prato.mp3]
play - portuguese;"<img src=""vocab-play.jpg"">";brincar;[sound:vocab-portuguese-brincar.mp3]
player - portuguese;"<img src=""vocab-player.jpg"">";jogador;[sound:vocab-portuguese-jogador.mp3]
pocket - portuguese;"<img src=""vocab-pocket.jpg"">";bolso;[sound:vocab-portuguese-bolso.mp3]
poison - portuguese;"<img src=""vocab-poison.jpg"">";veneno;[sound:vocab-portuguese-veneno.mp3]
police - portuguese;"<img src=""vocab-police.jpg"">";polícia;[sound:vocab-portuguese-polícia.mp3]
pool - portuguese;"<img src=""vocab-pool.jpg"">";piscina;[sound:vocab-portuguese-piscina.mp3]
poor - portuguese;"<img src=""vocab-poor.jpg"">";pobre;[sound:vocab-portuguese-pobre.mp3]
pork - portuguese;"<img src=""vocab-pork.jpg"">";carne de porco;[sound:vocab-portuguese-carne de porco.mp3]
pot - portuguese;"<img src=""vocab-pot.jpg"">";panela;[sound:vocab-portuguese-panela.mp3]
potato - portuguese;"<img src=""vocab-potato.jpg"">";batata;[sound:vocab-portuguese-batata.mp3]
pray - portuguese;"<img src=""vocab-pray.jpg"">";rezar;[sound:vocab-portuguese-rezar.mp3]
president - portuguese;"<img src=""vocab-president.jpg"">";presidente;[sound:vocab-portuguese-presidente.mp3]
price - portuguese;"<img src=""vocab-price.jpg"">";preço;[sound:vocab-portuguese-preço.mp3]
priest - portuguese;"<img src=""vocab-priest.jpg"">";sacerdote;[sound:vocab-portuguese-sacerdote.mp3]
prison - portuguese;"<img src=""vocab-prison.jpg"">";prisão;[sound:vocab-portuguese-prisão.mp3]
program - portuguese;"<img src=""vocab-program.jpg"">";programa;[sound:vocab-portuguese-programa.mp3]
pull - portuguese;"<img src=""vocab-pull.jpg"">";puxar;[sound:vocab-portuguese-puxar.mp3]
push - portuguese;"<img src=""vocab-push.jpg"">";empurrar;[sound:vocab-portuguese-empurrar.mp3]
put - portuguese;"<img src=""vocab-put.jpg"">";colocar;[sound:vocab-portuguese-colocar.mp3]
queen - portuguese;"<img src=""vocab-queen.jpg"">";rainha;[sound:vocab-portuguese-rainha.mp3]
quiet - portuguese;"<img src=""vocab-quiet.jpg"">";calmo;[sound:vocab-portuguese-calmo.mp3]
race (competition) - portuguese;"<img src=""vocab-race (competition).jpg"">";corrida;[sound:vocab-portuguese-corrida.mp3]
race (people) - portuguese;"<img src=""vocab-race (people).jpg"">";raça;[sound:vocab-portuguese-raça.mp3]
radio - portuguese;"<img src=""vocab-radio.jpg"">";rádio;[sound:vocab-portuguese-rádio.mp3]
rail - portuguese;"<img src=""vocab-rail.jpg"">";trilho;[sound:vocab-portuguese-trilho.mp3]
rain - portuguese;"<img src=""vocab-rain.jpg"">";chuva;[sound:vocab-portuguese-chuva.mp3]
rat - portuguese;"<img src=""vocab-rat.jpg"">";rato;[sound:vocab-portuguese-rato.mp3]
receipt - portuguese;"<img src=""vocab-receipt.jpg"">";recibo;[sound:vocab-portuguese-recibo.mp3]
red - portuguese;"<img src=""vocab-red.jpg"">";vermelho;[sound:vocab-portuguese-vermelho.mp3]
religion - portuguese;"<img src=""vocab-religion.jpg"">";religião;[sound:vocab-portuguese-religião.mp3]
remember - portuguese;"<img src=""vocab-remember.jpg"">";lembrar;[sound:vocab-portuguese-lembrar.mp3]
reporter - portuguese;"<img src=""vocab-reporter.jpg"">";repórter;[sound:vocab-portuguese-repórter.mp3]
restaurant - portuguese;"<img src=""vocab-restaurant.jpg"">";restaurante;[sound:vocab-portuguese-restaurante.mp3]
rice - portuguese;"<img src=""vocab-rice.jpg"">";arroz;[sound:vocab-portuguese-arroz.mp3]
rich - portuguese;"<img src=""vocab-rich.jpg"">";rico;[sound:vocab-portuguese-rico.mp3]
right - portuguese;"<img src=""vocab-right.jpg"">";direita;[sound:vocab-portuguese-direita.mp3]
ring - portuguese;"<img src=""vocab-ring.jpg"">";anel;[sound:vocab-portuguese-anel.mp3]
river - portuguese;"<img src=""vocab-river.jpg"">";rio;[sound:vocab-portuguese-rio.mp3]
road - portuguese;"<img src=""vocab-road.jpg"">";via;[sound:vocab-portuguese-via.mp3]
rod - portuguese;"<img src=""vocab-rod.jpg"">";haste;[sound:vocab-portuguese-haste.mp3]
roof - portuguese;"<img src=""vocab-roof.jpg"">";telhado;[sound:vocab-portuguese-telhado.mp3]
room - portuguese;"<img src=""vocab-room.jpg"">";quarto;[sound:vocab-portuguese-quarto.mp3]
root - portuguese;"<img src=""vocab-root.jpg"">";raiz;[sound:vocab-portuguese-raiz.mp3]
run - portuguese;"<img src=""vocab-run.jpg"">";correr;[sound:vocab-portuguese-correr.mp3]
sad - portuguese;"<img src=""vocab-sad.jpg"">";triste;[sound:vocab-portuguese-triste.mp3]
sail - portuguese;"<img src=""vocab-sail.jpg"">";vela;[sound:vocab-portuguese-vela.mp3]
salt - portuguese;"<img src=""vocab-salt.jpg"">";sal;[sound:vocab-portuguese-sal.mp3]
sand - portuguese;"<img src=""vocab-sand.jpg"">";areia;[sound:vocab-portuguese-areia.mp3]
Saturday - portuguese;"<img src=""vocab-Saturday.jpg"">";sábado;[sound:vocab-portuguese-sábado.mp3]
say - portuguese;"<img src=""vocab-say.jpg"">";dizer;[sound:vocab-portuguese-dizer.mp3]
scared - portuguese;"<img src=""vocab-scared.jpg"">";assustado;[sound:vocab-portuguese-assustado.mp3]
school - portuguese;"<img src=""vocab-school.jpg"">";escola;[sound:vocab-portuguese-escola.mp3]
science - portuguese;"<img src=""vocab-science.jpg"">";ciência;[sound:vocab-portuguese-ciência.mp3]
scissors - portuguese;"<img src=""vocab-scissors.jpg"">";tesoura;[sound:vocab-portuguese-tesoura.mp3]
screen - portuguese;"<img src=""vocab-screen.jpg"">";tela;[sound:vocab-portuguese-tela.mp3]
screw - portuguese;"<img src=""vocab-screw.jpg"">";parafuso;[sound:vocab-portuguese-parafuso.mp3]
sea - portuguese;"<img src=""vocab-sea.jpg"">";mar;[sound:vocab-portuguese-mar.mp3]
season - portuguese;"<img src=""vocab-season.jpg"">";estação;[sound:vocab-portuguese-estação.mp3]
second (position) - portuguese;"<img src=""vocab-second (position).jpg"">";segundo;[sound:vocab-portuguese-segundo.mp3]
second (time) - portuguese;"<img src=""vocab-second (time).jpg"">";segundo;[sound:vocab-portuguese-segundo.mp3]
secretary - portuguese;"<img src=""vocab-secretary.jpg"">";secretário;[sound:vocab-portuguese-secretário.mp3]
see - portuguese;"<img src=""vocab-see.jpg"">";ver;[sound:vocab-portuguese-ver.mp3]
seed - portuguese;"<img src=""vocab-seed.jpg"">";semente;[sound:vocab-portuguese-semente.mp3]
sell - portuguese;"<img src=""vocab-sell.jpg"">";vender;[sound:vocab-portuguese-vender.mp3]
September - portuguese;"<img src=""vocab-September.jpg"">";setembro;[sound:vocab-portuguese-setembro.mp3]
seven - portuguese;"<img src=""vocab-seven.jpg"">";sete;[sound:vocab-portuguese-sete.mp3]
seventeen - portuguese;"<img src=""vocab-seventeen.jpg"">";dezessete;[sound:vocab-portuguese-dezessete.mp3]
seventy - portuguese;"<img src=""vocab-seventy.jpg"">";setenta;[sound:vocab-portuguese-setenta.mp3]
sex (action) - portuguese;"<img src=""vocab-sex (action).jpg"">";sexo;[sound:vocab-portuguese-sexo.mp3]
sex (male-female) - portuguese;"<img src=""vocab-sex (male-female).jpg"">";sexo;[sound:vocab-portuguese-sexo.mp3]
shake - portuguese;"<img src=""vocab-shake.jpg"">";sacudir;[sound:vocab-portuguese-sacudir.mp3]
shallow - portuguese;"<img src=""vocab-shallow.jpg"">";raso;[sound:vocab-portuguese-raso.mp3]
she - portuguese;"<img src=""vocab-she.jpg"">";ela;[sound:vocab-portuguese-ela.mp3]
sheep - portuguese;"<img src=""vocab-sheep.jpg"">";ovelha;[sound:vocab-portuguese-ovelha.mp3]
shelf - portuguese;"<img src=""vocab-shelf.jpg"">";prateleira;[sound:vocab-portuguese-prateleira.mp3]
ship - portuguese;"<img src=""vocab-ship.jpg"">";navio;[sound:vocab-portuguese-navio.mp3]
shirt - portuguese;"<img src=""vocab-shirt.jpg"">";camisa;[sound:vocab-portuguese-camisa.mp3]
shoes - portuguese;"<img src=""vocab-shoes.jpg"">";sapatos;[sound:vocab-portuguese-sapatos.mp3]
shoot - portuguese;"<img src=""vocab-shoot.jpg"">";atirar;[sound:vocab-portuguese-atirar.mp3]
short (length) - portuguese;"<img src=""vocab-short (length).jpg"">";curto;[sound:vocab-portuguese-curto.mp3]
short (stature) - portuguese;"<img src=""vocab-short (stature).jpg"">";baixo;[sound:vocab-portuguese-baixo.mp3]
shoulder - portuguese;"<img src=""vocab-shoulder.jpg"">";ombro;[sound:vocab-portuguese-ombro.mp3]
sick - portuguese;"<img src=""vocab-sick.jpg"">";doente;[sound:vocab-portuguese-doente.mp3]
side - portuguese;"<img src=""vocab-side.jpg"">";lado;[sound:vocab-portuguese-lado.mp3]
sign (indication) - portuguese;"<img src=""vocab-sign (indication).jpg"">";placa;[sound:vocab-portuguese-placa.mp3]
sign (write) - portuguese;"<img src=""vocab-sign (write).jpg"">";assinar;[sound:vocab-portuguese-assinar.mp3]
silver - portuguese;"<img src=""vocab-silver.jpg"">";prata;[sound:vocab-portuguese-prata.mp3]
sing - portuguese;"<img src=""vocab-sing.jpg"">";cantar;[sound:vocab-portuguese-cantar.mp3]
sink - portuguese;"<img src=""vocab-sink.jpg"">";pia;[sound:vocab-portuguese-pia.mp3]
sister - portuguese;"<img src=""vocab-sister.jpg"">";irmã;[sound:vocab-portuguese-irmã.mp3]
sit - portuguese;"<img src=""vocab-sit.jpg"">";sentar;[sound:vocab-portuguese-sentar.mp3]
six - portuguese;"<img src=""vocab-six.jpg"">";seis;[sound:vocab-portuguese-seis.mp3]
sixteen - portuguese;"<img src=""vocab-sixteen.jpg"">";dezesseis;[sound:vocab-portuguese-dezesseis.mp3]
sixty - portuguese;"<img src=""vocab-sixty.jpg"">";sessenta;[sound:vocab-portuguese-sessenta.mp3]
skin - portuguese;"<img src=""vocab-skin.jpg"">";pele;[sound:vocab-portuguese-pele.mp3]
skirt - portuguese;"<img src=""vocab-skirt.jpg"">";saia;[sound:vocab-portuguese-saia.mp3]
sky - portuguese;"<img src=""vocab-sky.jpg"">";céu;[sound:vocab-portuguese-céu.mp3]
sleep - portuguese;"<img src=""vocab-sleep.jpg"">";dormir;[sound:vocab-portuguese-dormir.mp3]
slow - portuguese;"<img src=""vocab-slow.jpg"">";lento;[sound:vocab-portuguese-lento.mp3]
small - portuguese;"<img src=""vocab-small.jpg"">";pequeno;[sound:vocab-portuguese-pequeno.mp3]
smell - portuguese;"<img src=""vocab-smell.jpg"">";cheirar;[sound:vocab-portuguese-cheirar.mp3]
smile - portuguese;"<img src=""vocab-smile.jpg"">";sorriso;[sound:vocab-portuguese-sorriso.mp3]
snake - portuguese;"<img src=""vocab-snake.jpg"">";cobra;[sound:vocab-portuguese-cobra.mp3]
snow - portuguese;"<img src=""vocab-snow.jpg"">";neve;[sound:vocab-portuguese-neve.mp3]
soap - portuguese;"<img src=""vocab-soap.jpg"">";sabonete;[sound:vocab-portuguese-sabonete.mp3]
sock - portuguese;"<img src=""vocab-sock.jpg"">";meia;[sound:vocab-portuguese-meia.mp3]
soft - portuguese;"<img src=""vocab-soft.jpg"">";suave;[sound:vocab-portuguese-suave.mp3]
soil - portuguese;"<img src=""vocab-soil.jpg"">";terra;[sound:vocab-portuguese-terra.mp3]
soldier - portuguese;"<img src=""vocab-soldier.jpg"">";soldado;[sound:vocab-portuguese-soldado.mp3]
son - portuguese;"<img src=""vocab-son.jpg"">";filho;[sound:vocab-portuguese-filho.mp3]
song - portuguese;"<img src=""vocab-song.jpg"">";canção;[sound:vocab-portuguese-canção.mp3]
sound - portuguese;"<img src=""vocab-sound.jpg"">";som;[sound:vocab-portuguese-som.mp3]
soup - portuguese;"<img src=""vocab-soup.jpg"">";sopa;[sound:vocab-portuguese-sopa.mp3]
south - portuguese;"<img src=""vocab-south.jpg"">";sul;[sound:vocab-portuguese-sul.mp3]
space - portuguese;"<img src=""vocab-space.jpg"">";espaço;[sound:vocab-portuguese-espaço.mp3]
spade - portuguese;"<img src=""vocab-spade.jpg"">";pá;[sound:vocab-portuguese-pá.mp3]
speak - portuguese;"<img src=""vocab-speak.jpg"">";falar;[sound:vocab-portuguese-falar.mp3]
sponge - portuguese;"<img src=""vocab-sponge.jpg"">";esponja;[sound:vocab-portuguese-esponja.mp3]
spoon - portuguese;"<img src=""vocab-spoon.jpg"">";colher;[sound:vocab-portuguese-colher.mp3]
sport - portuguese;"<img src=""vocab-sport.jpg"">";esporte;[sound:vocab-portuguese-esporte.mp3]
spring - portuguese;"<img src=""vocab-spring.jpg"">";primavera;[sound:vocab-portuguese-primavera.mp3]
square - portuguese;"<img src=""vocab-square.jpg"">";quadrado;[sound:vocab-portuguese-quadrado.mp3]
stain - portuguese;"<img src=""vocab-stain.jpg"">";mancha;[sound:vocab-portuguese-mancha.mp3]
stamp - portuguese;"<img src=""vocab-stamp.jpg"">";carimbo;[sound:vocab-portuguese-carimbo.mp3]
stand - portuguese;"<img src=""vocab-stand.jpg"">";ficar de pé;[sound:vocab-portuguese-ficar de pé.mp3]
star - portuguese;"<img src=""vocab-star.jpg"">";estrela;[sound:vocab-portuguese-estrela.mp3]
stem - portuguese;"<img src=""vocab-stem.jpg"">";tronco;[sound:vocab-portuguese-tronco.mp3]
stick - portuguese;"<img src=""vocab-stick.jpg"">";graveto;[sound:vocab-portuguese-graveto.mp3]
stomach - portuguese;"<img src=""vocab-stomach.jpg"">";estômago;[sound:vocab-portuguese-estômago.mp3]
stone - portuguese;"<img src=""vocab-stone.jpg"">";pedra;[sound:vocab-portuguese-pedra.mp3]
stop - portuguese;"<img src=""vocab-stop.jpg"">";parar;[sound:vocab-portuguese-parar.mp3]
store - portuguese;"<img src=""vocab-store.jpg"">";loja;[sound:vocab-portuguese-loja.mp3]
straight - portuguese;"<img src=""vocab-straight.jpg"">";reto;[sound:vocab-portuguese-reto.mp3]
street - portuguese;"<img src=""vocab-street.jpg"">";rua;[sound:vocab-portuguese-rua.mp3]
strong - portuguese;"<img src=""vocab-strong.jpg"">";forte;[sound:vocab-portuguese-forte.mp3]
student - portuguese;"<img src=""vocab-student.jpg"">";estudante;[sound:vocab-portuguese-estudante.mp3]
sugar - portuguese;"<img src=""vocab-sugar.jpg"">";açúcar;[sound:vocab-portuguese-açúcar.mp3]
suit - portuguese;"<img src=""vocab-suit.jpg"">";traje;[sound:vocab-portuguese-traje.mp3]
summer - portuguese;"<img src=""vocab-summer.jpg"">";verão;[sound:vocab-portuguese-verão.mp3]
sun - portuguese;"<img src=""vocab-sun.jpg"">";sol;[sound:vocab-portuguese-sol.mp3]
Sunday - portuguese;"<img src=""vocab-Sunday.jpg"">";domingo;[sound:vocab-portuguese-domingo.mp3]
sweat - portuguese;"<img src=""vocab-sweat.jpg"">";suor;[sound:vocab-portuguese-suor.mp3]
swim - portuguese;"<img src=""vocab-swim.jpg"">";nadar;[sound:vocab-portuguese-nadar.mp3]
T-shirt - portuguese;"<img src=""vocab-T-shirt.jpg"">";camisa;[sound:vocab-portuguese-camisa.mp3]
table - portuguese;"<img src=""vocab-table.jpg"">";mesa;[sound:vocab-portuguese-mesa.mp3]
tail - portuguese;"<img src=""vocab-tail.jpg"">";rabo;[sound:vocab-portuguese-rabo.mp3]
take - portuguese;"<img src=""vocab-take.jpg"">";receber;[sound:vocab-portuguese-receber.mp3]
tall - portuguese;"<img src=""vocab-tall.jpg"">";alto;[sound:vocab-portuguese-alto.mp3]
taste - portuguese;"<img src=""vocab-taste.jpg"">";provar;[sound:vocab-portuguese-provar.mp3]
tea - portuguese;"<img src=""vocab-tea.jpg"">";chá;[sound:vocab-portuguese-chá.mp3]
teach - portuguese;"<img src=""vocab-teach.jpg"">";ensinar;[sound:vocab-portuguese-ensinar.mp3]
teacher - portuguese;"<img src=""vocab-teacher.jpg"">";professor;[sound:vocab-portuguese-professor.mp3]
team - portuguese;"<img src=""vocab-team.jpg"">";equipe;[sound:vocab-portuguese-equipe.mp3]
tear - portuguese;"<img src=""vocab-tear.jpg"">";lágrima;[sound:vocab-portuguese-lágrima.mp3]
technology - portuguese;"<img src=""vocab-technology.jpg"">";tecnologia;[sound:vocab-portuguese-tecnologia.mp3]
telephone - portuguese;"<img src=""vocab-telephone.jpg"">";telefone;[sound:vocab-portuguese-telefone.mp3]
television - portuguese;"<img src=""vocab-television.jpg"">";televisão;[sound:vocab-portuguese-televisão.mp3]
temperature - portuguese;"<img src=""vocab-temperature.jpg"">";temperatura;[sound:vocab-portuguese-temperatura.mp3]
ten - portuguese;"<img src=""vocab-ten.jpg"">";dez;[sound:vocab-portuguese-dez.mp3]
theater - portuguese;"<img src=""vocab-theater.jpg"">";teatro;[sound:vocab-portuguese-teatro.mp3]
there - portuguese;"<img src=""vocab-there.jpg"">";lá;[sound:vocab-portuguese-lá.mp3]
they - portuguese;"<img src=""vocab-they.jpg"">";elas;[sound:vocab-portuguese-elas.mp3]
thick - portuguese;"<img src=""vocab-thick.jpg"">";grosso;[sound:vocab-portuguese-grosso.mp3]
thin - portuguese;"<img src=""vocab-thin.jpg"">";fino;[sound:vocab-portuguese-fino.mp3]
think - portuguese;"<img src=""vocab-think.jpg"">";achar;[sound:vocab-portuguese-achar.mp3]
third - portuguese;"<img src=""vocab-third.jpg"">";terceiro;[sound:vocab-portuguese-terceiro.mp3]
thirteen - portuguese;"<img src=""vocab-thirteen.jpg"">";treze;[sound:vocab-portuguese-treze.mp3]
thirty - portuguese;"<img src=""vocab-thirty.jpg"">";trinta;[sound:vocab-portuguese-trinta.mp3]
thousand - portuguese;"<img src=""vocab-thousand.jpg"">";mil;[sound:vocab-portuguese-mil.mp3]
thread - portuguese;"<img src=""vocab-thread.jpg"">";fio;[sound:vocab-portuguese-fio.mp3]
three - portuguese;"<img src=""vocab-three.jpg"">";três;[sound:vocab-portuguese-três.mp3]
throat - portuguese;"<img src=""vocab-throat.jpg"">";garganta;[sound:vocab-portuguese-garganta.mp3]
throw - portuguese;"<img src=""vocab-throw.jpg"">";lançar;[sound:vocab-portuguese-lançar.mp3]
thumb - portuguese;"<img src=""vocab-thumb.jpg"">";polegar;[sound:vocab-portuguese-polegar.mp3]
Thursday - portuguese;"<img src=""vocab-Thursday.jpg"">";quinta-feira;[sound:vocab-portuguese-quinta-feira.mp3]
ticket - portuguese;"<img src=""vocab-ticket.jpg"">";bilhete;[sound:vocab-portuguese-bilhete.mp3]
tight - portuguese;"<img src=""vocab-tight.jpg"">";apertado;[sound:vocab-portuguese-apertado.mp3]
time - portuguese;"<img src=""vocab-time.jpg"">";tempo;[sound:vocab-portuguese-tempo.mp3]
tire - portuguese;"<img src=""vocab-tire.jpg"">";pneu;[sound:vocab-portuguese-pneu.mp3]
toe - portuguese;"<img src=""vocab-toe.jpg"">";dedo do pé;[sound:vocab-portuguese-dedo do pé.mp3]
together - portuguese;"<img src=""vocab-together.jpg"">";juntos;[sound:vocab-portuguese-juntos.mp3]
tongue - portuguese;"<img src=""vocab-tongue.jpg"">";língua;[sound:vocab-portuguese-língua.mp3]
tool - portuguese;"<img src=""vocab-tool.jpg"">";ferramenta;[sound:vocab-portuguese-ferramenta.mp3]
tooth - portuguese;"<img src=""vocab-tooth.jpg"">";dente;[sound:vocab-portuguese-dente.mp3]
top - portuguese;"<img src=""vocab-top.jpg"">";topo;[sound:vocab-portuguese-topo.mp3]
touch - portuguese;"<img src=""vocab-touch.jpg"">";tocar;[sound:vocab-portuguese-tocar.mp3]
town - portuguese;"<img src=""vocab-town.jpg"">";povoado;[sound:vocab-portuguese-povoado.mp3]
train station - portuguese;"<img src=""vocab-train station.jpg"">";estação de trem;[sound:vocab-portuguese-estação de trem.mp3]
train - portuguese;"<img src=""vocab-train.jpg"">";trem;[sound:vocab-portuguese-trem.mp3]
transportation - portuguese;"<img src=""vocab-transportation.jpg"">";transporte;[sound:vocab-portuguese-transporte.mp3]
tray - portuguese;"<img src=""vocab-tray.jpg"">";bandeja;[sound:vocab-portuguese-bandeja.mp3]
tree - portuguese;"<img src=""vocab-tree.jpg"">";árvore;[sound:vocab-portuguese-árvore.mp3]
truck - portuguese;"<img src=""vocab-truck.jpg"">";caminhão;[sound:vocab-portuguese-caminhão.mp3]
Tuesday - portuguese;"<img src=""vocab-Tuesday.jpg"">";terça-feira;[sound:vocab-portuguese-terça-feira.mp3]
turn - portuguese;"<img src=""vocab-turn.jpg"">";virar;[sound:vocab-portuguese-virar.mp3]
twelve - portuguese;"<img src=""vocab-twelve.jpg"">";doze;[sound:vocab-portuguese-doze.mp3]
twenty-one - portuguese;"<img src=""vocab-twenty-one.jpg"">";vinte e um;[sound:vocab-portuguese-vinte e um.mp3]
twenty - portuguese;"<img src=""vocab-twenty.jpg"">";vinte;[sound:vocab-portuguese-vinte.mp3]
two - portuguese;"<img src=""vocab-two.jpg"">";dois;[sound:vocab-portuguese-dois.mp3]
ugly - portuguese;"<img src=""vocab-ugly.jpg"">";feio;[sound:vocab-portuguese-feio.mp3]
umbrella - portuguese;"<img src=""vocab-umbrella.jpg"">";sombrinha;[sound:vocab-portuguese-sombrinha.mp3]
university - portuguese;"<img src=""vocab-university.jpg"">";universidade;[sound:vocab-portuguese-universidade.mp3]
up - portuguese;"<img src=""vocab-up.jpg"">";acima;[sound:vocab-portuguese-acima.mp3]
valley - portuguese;"<img src=""vocab-valley.jpg"">";vale;[sound:vocab-portuguese-vale.mp3]
victim - portuguese;"<img src=""vocab-victim.jpg"">";vítima;[sound:vocab-portuguese-vítima.mp3]
voice - portuguese;"<img src=""vocab-voice.jpg"">";voz;[sound:vocab-portuguese-voz.mp3]
vowel - portuguese;"<img src=""vocab-vowel.jpg"">";vogal;[sound:vocab-portuguese-vogal.mp3]
wait - portuguese;"<img src=""vocab-wait.jpg"">";esperar;[sound:vocab-portuguese-esperar.mp3]
waiter - portuguese;"<img src=""vocab-waiter.jpg"">";garçom;[sound:vocab-portuguese-garçom.mp3]
wake up - portuguese;"<img src=""vocab-wake up.jpg"">";acordar;[sound:vocab-portuguese-acordar.mp3]
walk - portuguese;"<img src=""vocab-walk.jpg"">";andar;[sound:vocab-portuguese-andar.mp3]
wall - portuguese;"<img src=""vocab-wall.jpg"">";parede;[sound:vocab-portuguese-parede.mp3]
want - portuguese;"<img src=""vocab-want.jpg"">";quer;[sound:vocab-portuguese-quer.mp3]
war - portuguese;"<img src=""vocab-war.jpg"">";guerra;[sound:vocab-portuguese-guerra.mp3]
warm - portuguese;"<img src=""vocab-warm.jpg"">";morno;[sound:vocab-portuguese-morno.mp3]
wash - portuguese;"<img src=""vocab-wash.jpg"">";lavar;[sound:vocab-portuguese-lavar.mp3]
watch - portuguese;"<img src=""vocab-watch.jpg"">";assistir;[sound:vocab-portuguese-assistir.mp3]
water - portuguese;"<img src=""vocab-water.jpg"">";água;[sound:vocab-portuguese-água.mp3]
wave - portuguese;"<img src=""vocab-wave.jpg"">";onda;[sound:vocab-portuguese-onda.mp3]
we - portuguese;"<img src=""vocab-we.jpg"">";nós;[sound:vocab-portuguese-nós.mp3]
weak - portuguese;"<img src=""vocab-weak.jpg"">";fraco;[sound:vocab-portuguese-fraco.mp3]
wear - portuguese;"<img src=""vocab-wear.jpg"">";vestir;[sound:vocab-portuguese-vestir.mp3]
wedding - portuguese;"<img src=""vocab-wedding.jpg"">";casamento;[sound:vocab-portuguese-casamento.mp3]
Wednesday - portuguese;"<img src=""vocab-Wednesday.jpg"">";quarta-feira;[sound:vocab-portuguese-quarta-feira.mp3]
week - portuguese;"<img src=""vocab-week.jpg"">";semana;[sound:vocab-portuguese-semana.mp3]
weight - portuguese;"<img src=""vocab-weight.jpg"">";peso;[sound:vocab-portuguese-peso.mp3]
west - portuguese;"<img src=""vocab-west.jpg"">";oeste;[sound:vocab-portuguese-oeste.mp3]
wet - portuguese;"<img src=""vocab-wet.jpg"">";molhado;[sound:vocab-portuguese-molhado.mp3]
wheel - portuguese;"<img src=""vocab-wheel.jpg"">";roda;[sound:vocab-portuguese-roda.mp3]
whip - portuguese;"<img src=""vocab-whip.jpg"">";chicote;[sound:vocab-portuguese-chicote.mp3]
whistle - portuguese;"<img src=""vocab-whistle.jpg"">";apito;[sound:vocab-portuguese-apito.mp3]
white - portuguese;"<img src=""vocab-white.jpg"">";branco;[sound:vocab-portuguese-branco.mp3]
wide - portuguese;"<img src=""vocab-wide.jpg"">";amplo;[sound:vocab-portuguese-amplo.mp3]
wife - portuguese;"<img src=""vocab-wife.jpg"">";esposa;[sound:vocab-portuguese-esposa.mp3]
win - portuguese;"<img src=""vocab-win.jpg"">";ganhar;[sound:vocab-portuguese-ganhar.mp3]
wind - portuguese;"<img src=""vocab-wind.jpg"">";vento;[sound:vocab-portuguese-vento.mp3]
window - portuguese;"<img src=""vocab-window.jpg"">";janela;[sound:vocab-portuguese-janela.mp3]
wine - portuguese;"<img src=""vocab-wine.jpg"">";vinho;[sound:vocab-portuguese-vinho.mp3]
wing - portuguese;"<img src=""vocab-wing.jpg"">";asa;[sound:vocab-portuguese-asa.mp3]
winter - portuguese;"<img src=""vocab-winter.jpg"">";inverno;[sound:vocab-portuguese-inverno.mp3]
wire - portuguese;"<img src=""vocab-wire.jpg"">";arame;[sound:vocab-portuguese-arame.mp3]
woman - portuguese;"<img src=""vocab-woman.jpg"">";mulher;[sound:vocab-portuguese-mulher.mp3]
wood - portuguese;"<img src=""vocab-wood.jpg"">";madeira;[sound:vocab-portuguese-madeira.mp3]
work - portuguese;"<img src=""vocab-work.jpg"">";trabalhar;[sound:vocab-portuguese-trabalhar.mp3]
world - portuguese;"<img src=""vocab-world.jpg"">";mundo;[sound:vocab-portuguese-mundo.mp3]
worm - portuguese;"<img src=""vocab-worm.jpg"">";verme;[sound:vocab-portuguese-verme.mp3]
write - portuguese;"<img src=""vocab-write.jpg"">";escrever;[sound:vocab-portuguese-escrever.mp3]
year - portuguese;"<img src=""vocab-year.jpg"">";ano;[sound:vocab-portuguese-ano.mp3]
yellow - portuguese;"<img src=""vocab-yellow.jpg"">";amarelo;[sound:vocab-portuguese-amarelo.mp3]
yes - portuguese;"<img src=""vocab-yes.jpg"">";sim;[sound:vocab-portuguese-sim.mp3]
you (plural) - portuguese;"<img src=""vocab-you (plural).jpg"">";vocês;[sound:vocab-portuguese-vocês.mp3]
you (singular) - portuguese;"<img src=""vocab-you (singular).jpg"">";você;[sound:vocab-portuguese-você.mp3]
young - portuguese;"<img src=""vocab-young.jpg"">";jovem;[sound:vocab-portuguese-jovem.mp3]
zero - portuguese;"<img src=""vocab-zero.jpg"">";zero;[sound:vocab-portuguese-zero.mp3]
