word;english;spanish;portuguese;french;chinese;pinyin;cantonese;jyutping;hindi;arabic;russian;bengali;japanese
accident;accident;accidente;acidente;accident;意外;yìwài;意外;jîngoi;दुर्घटना;حادثة;авария;দুর্ঘটনা;事故
actor;actor;actor;ator;acteur;演员;yǎnyuán;演员;jínjyùn;अभिनेता;الممثل;актер;অভিনেতা;俳優
adult;adult;adulto;adulto;adulte;成人;chéngrén;成人;sìngjàn;वयस्क;بالغ;для взрослых;প্রাপ্তবয়স্ক;大人
afternoon;afternoon;tarde;tarde;après-midi;下午;xiàwǔ;下午;haang;दोपहर;بعد الظهر;после полудня;বিকেল;午後
air;air;aire;ar;air;空气;kōngqì;空气;hūnghêi;वायु;هواء;воздуха;বায়ু;空気
airport;airport;aeropuerto;aeroporto;aéroport;飞机场;fēijīchǎng;飞机场;fēigēicòeng;हवाई अड्डा;مطار;аэропорт;বিমানবন্দর;空港
alive;alive;vivo;vivo;vivant;活;huó;活;wut;जिंदा;على قيد الحياة;живой;জীবিত;生きています
alone;alone;solo;sozinho;seul;单独;dāndú;单独;dāanduk;अकेला;وحده;один;একা;一人で
angle;angle;ángulo;ângulo;angle;角度;jiǎodù;角度;gôkdou;कोण;زاوية;угол;কোণ;角度
animal;animal;animal;animal;animal;动物;dòngwù;动物;dungmat;जानवर;حيوان;животное;পশু;動物
answer;answer;contestar;responder;répondre;回答;huídá;回答;wùidâap;उत्तर;يسأل;отвечать;উত্তর;回答
ant;ant;hormiga;formiga;fourmi;蚂蚁;mǎyǐ;蚂蚁;mǎangǎi;चींटी;نملة;муравей;পিপীলিকা;蟻
apartment;apartment;apartamento;apartamento;appartement;公寓;gōngyù;公寓;gūngjyu;फ्लैट;شقة;квартира;কামরা;アパート
apple;apple;manzana;maçã;pomme;苹果;píngguǒ;苹果;pìnggwó;सेब;تفاح;яблоко;আপেল;林檎
April;April;abril;abril;avril;四月;sìyuè;四月;sêijyut;अप्रैल;أبريل;апреля;এপ্রিল;四月
arch;arch;arco;arco;arche;NA;na;NA;NA;NA;قَوْس;NA;NA;NA
arm;arm;brazo;braço;bras;手臂;shǒubì;手臂;sáubêi;हाथ;ذراع;рука;হাত;腕
army;army;ejército;exército;armée;军队;jūnduì;军队;gwāndéoi;सेना;جيش;армия;সেনা;軍
art;art;arte;arte;art;艺术;yìshù;艺术;ngaiseot;कला;فن;изобразительное искусство;শিল্প;アート
artist;artist;artista;artista;artiste;艺术家;yìshùjiā;艺术家;ngaiseotgāa;कलाकार;فنان;художник;শিল্পী;アーティスト
ask;ask;preguntar;perguntar;demander;问;wèn;问;man;पूछना;يسأل;спросить;জিজ্ঞাসা করা;聞く、質問する
attack;attack;ataque;ataque;attaque;攻击;gōngjī;攻击;gūnggīk;हमला;هجوم;атака;আক্রমণ;攻撃
August;August;agosto;agosto;août;八月;bāyuè;八月;bâatjyut;अगस्त;أغسطس;август;অগাস্ট;八月
author;author;autor;autor;auteur;作者;zuòzhě;作者;zôkzé;लेखक;مؤلف;автор;লেখক;著者
baby;baby;bebé;bebê;bébé;婴儿;yīngér;婴儿;jīngjì;शिशु;طفل;детка;বাচ্চা;赤ちゃん
back (body);back;espalda;costas;dos;背部;bèibù;背部;bûibou;वापस;ظهر;назад;পেছনে;バック
back (direction);back;atrás;atrás;arrière;在后面;zài hòumiàn;在后面;zoi haumin;पीछे;وراء;позади;পিছনে;後ろに
bad;bad;malo;mau;mal;坏;huài;坏;waai;खराब;سيء;плохо;খারাপ;悪い
bag;bag;bolso;bolsa;sac;包;bāo;包;bāau;बैग;كيس;мешок;থলে;バッグ
ball;ball;pelota;bola;balle;球;qiú;球;kàu;गेंद;كرة;мяч;বল;玉
banana;banana;plátano;banana;banane;香蕉;xiāngjiāo;香蕉;hōengzīu;केला;موز;банан;কলা;バナナ
band;band;banda;banda;bande;乐队;yuèduì;乐队;ngokdéoi;बैंड;فرقة موسيقية;группа;দল;バンド
bank;bank;banco;banco;banque;银行;yínháng;银行;ngànhòng;बैंक;مصرف;банк;ব্যাংক;バンク
bar;bar;bar;bar;bar;酒吧;jiǔbā;酒吧;záubāa;बार;حانة;паб;মদের দোকান;パブ
basket;basket;canasta;cesta;panier;篮子;lánzi;篮子;làamzí;टोकरी;سلة;корзина;ঝুড়ি;バスケット
bath;bath;bañera;banheira;baignoire;NA;na;NA;NA;NA;مغطس;ванна;NA;NA
bathroom;bathroom;baño;banheiro;salle de bain;浴室;yùshì;浴室;juksāt;स्नानघर;حمام;ванная;পায়খানা;バスルーム
beach;beach;playa;praia;plage;海滩;hǎitān;海滩;hóitāan;बीच;شاطئ;пляж;সৈকত;ビーチ
beard;beard;barba;barba;barbe;胡须;húxū;胡须;wùsōu;दाढ़ी;لحية;борода;দাড়ি;髭
beat;beat;derrotar;derrotar;battre;击败;jībài;击败;gīkbaai;हारना;يهزم;разбивать;সর্বনাশ;負かす
beautiful;beautiful;hermoso;belo;belle;美;měi;美;měi;सुंदर;جميل;красивый;সুন্দর;美人だ
bed;bed;cama;cama;lit;床;chuáng;床;còng;बिस्तर;السرير;кровать;বিছানা;ベッド
bedroom;bedroom;habitación;quarto;chambre à coucher;卧室;wòshì;卧室;ngosāt;शयनकक्ष;غرفة نوم;спальня;শয়নকক্ষ;ベッドルーム
bee;bee;abeja;abelha;abeille;蜜蜂;mìfēng;蜜蜂;matfūng;मधुमक्खी;نحلة;NA;মৌমাছি;蜂
beef;beef;carne de vaca;carne bovina;boeuf;牛肉;niúròu;牛肉;ngàujuk;गोमांस;لحم بقر;говядина;গরুর মাংস;牛肉
beer;beer;cerveza;cerveja;bière;啤酒;píjiǔ;啤酒;bēzáu;बीयर;بيرة;пиво;বিয়ার;ビール
bell;bell;campana;sino;cloche;NA;na;NA;NA;NA;جَرَس;NA;NA;NA
bend;bend;doblar;dobrar;plier;使弯曲;shǐ wānqū;使弯曲;sí wāankūk;मुड़ना;يثني;согнуть;বাঁকানো;曲がる
berry;berry;baya;baga;baie;浆果;jiāngguǒ;浆果;zōenggwó;बेर;حبة;ягода;বেরি;ベリー
beverage;beverage;bebida;bebida;boisson;喝;hē;喝;hôt;पीना;يشرب;напиток;পান করা;ドリンク
bicycle;bicycle;bicicleta;bicicleta;vélo;自行车;zìxíngchē;自行车;zihàngcē;साइकिल;دراجة;велосипед;সাইকেল;自転車
big;big;grande;grande;grand;大;dà;大;daai;बड़े;كبير;большой;বিশাল;大きい
bill;bill;cuenta;conta;facture;账单;zhàngdān;账单;zôengdāan;हुण्डी;فاتورة;законопроект;বিল;ビル
billion;billion;mil millones;bilhão;milliard;十亿;shíyì;十亿;sapjīk;एक अरब;مليار;миллиард;বিলিয়ন;十億
bird;bird;pájaro;pássaro;oiseau;鸟;niǎo;鸟;nǐu;चिड़िया;عصفور;птица;পাখি;鳥
black;black;negro;preto;noir;黑色;hēisè;黑色;hāksīk;काली;أسود;чернить;কালো;黒
blade;blade;cuchilla;lâmina;lame;NA;na;NA;NA;NA;نَصْل;NA;NA;NA
blind;blind;ciego;cego;aveugle;瞎;xiā;瞎;hat;अंधा;أعمى;слепой;অন্ধ;ブラインド
blood;blood;sangre;sangue;sang;血;xuè;血;hyût;खून;دم;кровь;রক্ত;血液
blue;blue;azul;azul;bleu;蓝色;lánsè;蓝色;làamsīk;नीला;أزرق;синий;নীল;青い
board;board;tabla;tábua;planche;NA;na;NA;NA;NA;لَوْح;NA;NA;NA
boat;boat;bote;barco;bateau;船;chuán;船;syùn;नाव;قارب;лодка;নৌকা;ボート
body;body;cuerpo;corpo;corps;身体;shēntǐ;身体;sāntái;तन;جسم;тело;শরীর;体
bone;bone;hueso;osso;os;骨;gǔ;骨;gwāt;हड्डी;عظم;кость;হাড়;骨
book;book;libro;livro;livre;书;shū;书;syū;पुस्तक;الكتاب;книга;বই;本
boot;boot;bota;bota;botte;靴;xuē;靴;hōe;बूट;جزمة;ботинок;বুট;ブート
bottle;bottle;botella;garrafa;bouteille;瓶子;píngzi;瓶子;pìngzí;बोतल;زجاجة;бутылка;বোতল;ボトル
bottom;bottom;fondo;fundo;bas;背景;bèijǐng;背景;bûigíng;पृष्ठभूमि;أسفل;фон;পটভূমি;バックグラウンド
box;box;caja;caixa;boîte;盒子;hézi;盒子;hapzí;डिब्बा;علبة;коробка;বক্স;ボックス
boy;boy;muchacho;menino;garçon;男孩;nánhái;男孩;nàamhàai;लड़का;صبي;мальчик;ছেলে;男の子
brain;brain;cerebro;cérebro;cerveau;脑;nǎo;脑;nǒu;दिमाग;مخ;мозг;মস্তিষ্ক;脳
brake;brake;freno;freio;frein;制动;zhìdòng;制动;zâidung;ब्रेक;فرامل;тормоз;ব্রেক;ブレーキ
branch;branch;rama;filial;branche;分支;fēnzhī;分支;fānzī;शाखा;فرع;ответвляться;শাখা;ブランチ
bread;bread;pan;pão;pain;面包;miànbāo;面包;minbāau;रोटी;خبز;хлеб;রুটি;パン
break;break;romper;quebrar;pause;休息;xiūxi;休息;jāusīk;तोड़ना;يكسر;перемена;বিরতি;ブレーク
breakfast;breakfast;desayuno;café da manhã;petit-déjeuner;早餐;zǎocān;早餐;zóucāan;सुबह का नाश्ता;فطور;завтрак;ব্রেকফাস্ট;朝ごはん
brick;brick;ladrillo;tijolo;brique;砖;zhuān;砖;zyūn;ईंट;طابوق;кирпич;ইট;煉瓦
bridge;bridge;puente;ponte;pont;桥;qiáo;桥;kìu;पुल;كوبري;мост;সেতু;ブリッジ
bring;bring;traer;trazer;apporter;带来;dàilái;带来;dâailòi;लाना;يُحضر;приносить;আনা;持って来ます
brother;brother;hermano;irmão;frère;兄弟;xiōngdì;兄弟;hīngdai;भाई साहब;شقيق;брат;ভাই;兄
brown;brown;marrón;castanho;marron;棕色;zōngsè;棕色;zūngsīk;भूरा;بني;коричневый;বাদামী;褐色
brush;brush;cepillo;escova;brosse;刷子;shuāzi;刷子;câatzí;ब्रश;فرشاة;щетка;ব্রাশ;みがきます
bucket;bucket;balde;balde;seau;桶;tǒng;桶;túng;बाल्टी;دلو;ведро;বালতি;バケツ
build;build;construir;construir;construire;建造;jiànzào;建造;gînzou;निर्माण करना;يبني;строить;বিল্ড;ビルド
building;building;edificio;prédio;bâtiment;大厦;dàshà;大厦;daaihaa;इमारत;بناء;строительство;ভবন;建物
bulb;bulb;bombilla;lâmpada;ampoule;NA;na;NA;NA;NA;مصباح الإضاءة;NA;NA;NA
burn;burn;quemar;queimar;brûler;烧毁;shāohuǐ;烧毁;sīuwái;जलाना;حرق;гореть;পোড়া;燃やす
bus;bus;autobús;ônibus;bus;公共汽车;gōnggòngqìchē;公共汽车;gūnggunghêicē;बस;أوتوبيس;автобус;বাস;バス
button;button;botón;botão;bouton;按钮;ànniǔ;按钮;ônnáu;बटन;زر;кнопка;বোতাম;ボタン
buy;buy;comprar;comprar;acheter;购买;gòumǎi;购买;kâumǎai;खरीदना;شراء;покупка;ক্রয়;購入
cake;cake;pastel;bolo;gâteau;蛋糕;dàngāo;蛋糕;daangōu;केक;كعكة;торт;পিষ্টক;ケーキ
call;call;llamar;chamar;appeler;打电话;dǎdiànhuà;打电话;dáadinwáa;नाम से बुलाना;مكالمة;вызов;কল;コール
camera;camera;cámara;câmera;caméra;相机;xiàngjī;相机;sôenggēi;कैमरा;كاميرا;камера;ক্যামেরা;カメラ
camp;camp;campamento;acampamento;camp;营地;yíng dì;营地;jìngdei;शिविर;مخيّم;лагерь;শিবির;キャンプ
car;car;carro;carro;voiture;车;chē;车;cē;गाड़ी;جمل;машина;গাড়ী;車
card;card;tarjeta;cartão;carte;卡片;kǎpiàn;卡片;kāatpín;कार्ड;بطاقة;карта;কার্ড;カード
carriage;carriage;carruaje;carruagem;chariot;运输;yùnshū;运输;wansyū;गाड़ी;عَربة;перевозка;বহন;キャリッジ
carry;carry;llevar;levar;porter;搬;bān;搬;būn;उठाना;يَحْمِل;нести;বহন করা;運ぶ
cart;cart;carreta;carrinho;charrette;大车;dàchē;大车;daaicē;छकड़ा गाड़ी;حمل;телега;কার্ট;カート
cat;cat;gato;gato;chat;猫;māo;猫;māau;बिल्ली;قطة;кот;বিড়াল;ネコ
catch;catch;capturar;pegar;attraper;抓住;zhuāzhù;抓住;záauzyu;पकड़ना;للإمساك;ловить;ধরা;捕まえる
ceiling;ceiling;techo;teto;plafond;天花板;tiānhuābǎn;天花板;tīnfāabáan;छत;السقف;потолок;ছাদ;天井
cell phone;cell phone;celular;celular;téléphone cellulaire;手机;shǒujī;手机;sáugēi;मोबाइल फ़ोन;الهاتف الخلوي;сотовый телефон;মুঠোফোন;携帯電話
centimeter;centimeter;centímetro;centímetro;centimètre;厘米;límǐ;厘米;lèimǎi;सेंटीमीटर;سنتيمتر;сантиметр;সেনটিমিটার;センチメートル
chain;chain;cadena;corrente;chaîne;链;liàn;链;lìn;जंजीर;سلسلة;цепь;শৃঙ্খল;鎖
chair;chair;silla;cadeira;chaise;椅子;yǐzi;椅子;jízí;कुरसी;كرسي;стул;চেয়ার;椅子
cheap;cheap;barato;barato;bon marché;廉价;liánjià;廉价;lìmgâa;सस्ता;رخيص;дешевый;সস্তা;安いです
cheese;cheese;queso;queijo;fromage;起司;qǐsī;起司;héisī;पनीर;جبنه;сыр;পনির;チーズ
chest;chest;pecho;peito;poitrine;胸部;xiōngbù;胸部;hūngbou;छाती;صدر;грудь;বুক;胸
chicken;chicken;pollo;frango;poulet;鸡;jī;鸡;gāi;मुर्गी;دجاج;курица;মুরগির মাংস;チキン
child;child;niño;criança;enfant;孩子;háizi;孩子;hàaizí;बच्चा;طفل;ребёнок;শিশু;子供
chin;chin;mentón;queixo;menton;下巴;xiàba;下巴;haabāa;ठोड़ी;ذقن;подбородок;থুতনি;顎
church;church;iglesia;igreja;église;教会;jiàohuì;教会;gâauwúi;गिरजाघर;كنيسة;церковь;গির্জা;教会
circle;circle;círculo;círculo;cercle;圆圈;yuánquān;圆圈;jyùnhyūn;वृत्त;دائرة;круг;বৃত্ত;サークル
city;city;ciudad;cidade;ville;城市;chéngshì;城市;sìngsǐ;शहर;مدينة;город;শহর;市
clay;clay;arcilla;argila;argile;黏土;niántǔ;黏土;nīmtóu;चिकनी मिट्टी;فخار;глина;কাদামাটি;粘土
clean (adjective);clean;limpio;limpo;propre;干净;gānjìng;干净;gōnzeng;साफ;نظيف;чистый;পরিষ্কার;掃除
clean (verb);clean;limpiar;limpar;nettoyer;清洁;qīngjié;清洁;cīnggît;साफ करना;نظف;чистить;পরিস্কার করতে;掃除
clock;clock;reloj;relógio;horloge;时钟;shízhōng;时钟;sìzūng;घड़ी;ساعة;часы;ঘড়ি;時計
close;close;cerrar;fechar;fermer;关上;guānshàng;关上;gwāansǒeng;बंद करना;يغلق;закрыть;কাছে;閉じる
clothing;clothing;ropa;roupas;vêtements;服装;fúzhuāng;服装;fukzōng;वस्त्र;ملابس;одежда;বস্ত্র;衣類
cloud;cloud;nube;nuvem;nuage;NA;na;NA;NA;NA;غَيْمة;облако;মেঘ;雲
club;club;club;clube;club;俱乐部;jùlèbù;俱乐部;kēoilokbou;नाइटक्लब;النادي;клуб;ক্লাব;クラブ
coat;coat;saco;casaco;manteau;外套;wàitào;外套;ngoitôu;कोट;معطف;пальто;কোট;コート
coffee;coffee;café;café;café;咖啡;kāfēi;咖啡;gâafē;कॉफ़ी;قهوة;кофе;কফি;コーヒー
cold;cold;frío;frio;froid;寒冷;hánlěng;寒冷;hònlǎang;सर्दी;البرد;холодный;ঠান্ডা;コールド
collar;collar;collar;colarinho;col;NA;na;NA;NA;NA;ياقة;NA;NA;NA
color;color;color;cor;couleur;颜色;yánsè;颜色;ngàansīk;रंग;اللون;цвет;রঙ;色
comb;comb;peine;pente;peigne;NA;na;NA;NA;कंघी;مِشْط;NA;NA;NA
come;come;venir;vir;venir;来;lái;来;lòi;आइए;ليأتي;приехать;আসা;来ます
computer;computer;computadora;computador;ordinateur;电脑;diànnǎo;电脑;dinnǒu;कंप्यूटर;الحاسوب;компьютер;কম্পিউটার;コンピューター
consonant;consonant;consonante;consoante;consonne;辅音;fǔyīn;辅音;fujām;व्यंजन;حرف ساكن;согласный звук;ব্যঞ্জনবর্ণ;子音
contract;contract;contrato;contrato;contrat;合同;hétóng;合同;haptùng;अनुबंध;عقد;договор;চুক্তি;契約する
cook;cook;cocinar;cozinhar;cuisiner;做饭;zuòfàn;做饭;zoufaan;पकाना;يطبخ;готовить;রান্না করতে;料理する
copper;copper;cobre;cobre;cuivre;铜;tóng;铜;tùng;तांबा;نحاس;медь;তামা;銅
corn;corn;maíz;milho;maïs;玉米;yùmǐ;玉米;jukmǎi;मक्का;ذرة;кукуруза;ভূট্টা;コーン
corner;corner;esquina;canto;coin;角落;jiǎoluò;角落;gôklok;कोना;ركن;угол;কোণ;コーナー
count;count;contar;contar;compter;告诉;gàosu;告诉;gôusôu;कहना;أقول;рассказать;বলা;伝えます
country;country;país;país;pays;国家;guójiā;国家;gwôkgāa;देश;بلد;страна;দেশ;国
court;court;corte;quadra;cour;法庭;fǎtíng;法庭;fâattìng;न्यायालय;محكمة;корт;আদালত;裁判所
cow;cow;vaca;vaca;vache;奶牛;nǎiniú;奶牛;nǎaingàu;गाय;بقرة;корова;গাভী;牛
crowd;crowd;multitud;multidão;foule;人群;rénqún;人群;jànkwàn;भीड़;يحشد;толпа;ভিড়;群集
cry;cry;llorar;chorar;pleurer;哭;kū;哭;hūk;रोना;بكاء;плакать;কান্না;泣く
cup;cup;taza;copo;tasse;杯子;bēizi;杯子;būizí;प्याला;كوب;чашка;কাপ;カップ
curtain;curtain;cortina;cortina;rideau;窗帘;chuānglián;窗帘;cōenglím;पर्दा;ستارة;штора;পরদা;カーテン
curved;curved;curvo;curvado;incurvé;弯曲;wānqū;弯曲;wāankūk;वक्र;منحن;изогнутый;বাঁকা;曲がりました
cushion;cushion;almohada;almofada;coussin;NA;na;NA;NA;तकिया;وسادة;подушка;NA;NA
cut;cut;cortar;cortar;couper;切;qiē;切;cît;काटना;يقطع;резать;কাটা;切る
dance;dance;bailar;dançar;danser;跳舞;tiàowǔ;跳舞;tîumǒu;नृत्य करना;يرقص;танцевать;নাচতে;踊る
dark;dark;oscuro;escuro;sombre;黑暗;hēiàn;黑暗;hākâm;अंधेरा;داكن;тьма;অন্ধকার;闇
date;date;fecha;data;date;日期;rìqī;日期;jatkèi;तारीख;تاريخ;дата;তারিখ;日付
daughter;daughter;hija;filha;fille;女儿;nǚér;女儿;něoijì;बेटी;بنت;дочь;কন্যা;娘
day;day;día;dia;journée;天;tiān;天;tīn;दिन;يوم;день;দিন;日
dead;dead;muerto;morto;morte;死;sǐ;死;séi;मृत;ميت;мертвых;মৃত;デッド
deaf;deaf;sordo;surdo;sourd;聋;lóng;聋;lùng;बहरा;اطرش;глухой;বধির;耳の不自由な
death;death;muerte;morte;mort;死亡;sǐwáng;死亡;séimòng;मौत;الموت;смерть;মরণ;死
December;December;diciembre;dezembro;décembre;十二月;shíèryuè;十二月;sapjijyut;दिसंबर;ديسمبر;декабрь;ডিসেম্বর;12月
deep;deep;profundo;profundo;profond;深;shēn;深;sām;गहरा;عميق;глубокий;গভীর;深い
diamond;diamond;diamante;diamante;diamant;钻石;zuànshí;钻石;zyûnsek;हीरा;الماس;ромб;হীরা;ダイヤモンド
die;die;morir;morrer;mourir;去死;qù sǐ;去死;hêoi séi;मरना;يتوفى;умереть;মরতে;死ぬ
difficult;difficult;difícil;difícil;difficile;难;nán;难;nàan;कठिन;صعبة;трудно;কঠিন;難しいです
dig;dig;cavar;cavar;creuser;挖;wā;挖;wâat;खोदना;حفر;копать;খনন করা;掘る
dinner;dinner;cena;jantar;dîner;晚餐;wǎncān;晚餐;mǎancāan;रात्रि भोजन;عشاء;ужин;ডিনার;晩ごはん
direction;direction;dirección;direção;direction;方向;fāngxiàng;方向;fōnghôeng;दिशा;اتجاه;направление;অভিমুখ;方向
dirty;dirty;sucio;sujo;sale;肮脏;āngzāng;肮脏;ōngzōng;गंदा;قذر;грязный;মলিন;汚れた
disease;disease;enfermedad;doença;maladie;疾病;jíbìng;疾病;zatbeng;रोग;مرض;болезнь;রোগ;疾患
doctor;doctor;doctor;doutor;docteur;医生;yīshēng;医生;jīsāng;चिकित्सक;طبيب;врач;ডাক্তার;医師
dog;dog;perro;cachorro;chien;狗;gǒu;狗;gáu;कुत्ता;كلب;собака;কুকুর;犬
dollar;dollar;dólar;dólar;dollar;美元;měiyuán;美元;měijyùn;डॉलर;دولار;доллар;ডলার;ドル
door;door;puerta;porta;porte;门;mén;门;mùn;द्वार;باب;дверь;দরজা;ドア
dot;dot;punto;ponto;point;点;diǎn;点;dím;बिंदु;نقطة;точка;বিন্দু;点
down;down;abajo;embaixo;dessous;下;xià;下;haa;नीचे;أسفل;вниз;নিচে;ダウン
drain;drain;sumidero;ralo;canalisation;NA;na;NA;NA;NA;NA;NA;NA;NA
draw;draw;dibujar;desenhar;dessiner;画;huà;画;waak;खींचना;رسم;рисовать;আঁকা;ドロー
drawer;drawer;cajón;gaveta;tiroir;抽屉;chōuti;抽屉;cāutâi;दराज;الدرج;ящик;টানা;引き出し
dream;dream;sueño;sonhe;rêve;梦;mèng;梦;mung;सपने देखना;حلم;мечтать;স্বপ্ন;夢
dress;dress;vestido;vestido;robe;裙子;qúnzi;裙子;kwànzí;परिधान;فستان;платье;পোশাক;ドレス
drink;drink;beber;beber;boire;喝;hē;喝;hôt;पीना;يشرب;пить;পান করতে;飲む
drive;drive;manejar;conduzir;conduire;驾车;jiàchē;驾车;gâacē;चलाना;قيادة;водить машину;ড্রাইভ;ドライブ
drop;drop;gota;gota;goutte;降低;jiàngdī;降低;gôngdāi;ड्रॉप;قطرة;уронить;ঝরা;落とす
drug;drug;droga;medicamento;drogue;药品;yàopǐn;药品;joekbán;दवाई;المخدرات;лека́рство;ড্রাগ;ドラッグ
dry;dry;seco;seco;sec;干燥;gānzào;干燥;gōncôu;सूखा;جاف;сухой;শুষ্ক;ドライ
dust;dust;polvo;pó;poussière;灰尘;huīchén;灰尘;fūicàn;धूल;تراب;пыль;ধূলিকণা;ほこり
ear;ear;oreja;orelha;oreille;耳朵;ěrduo;耳朵;jǐdó;कान;أذن;ухо;কান;耳
Earth;Earth;tierra;terra;terre;地球;dìqiú;地球;deikàu;धरती;أرض;земной шар;পৃথিবী;地球
east;east;este;leste;est;东方;dōngfāng;东方;dūngfōng;पूर्व;شرق;восток;পূর্ব;東
easy;easy;fácil;fácil;facile;简单;jiǎndān;简单;gáandāan;आसान;سهل;легко;সহজ;イージー
eat;eat;comer;comer;manger;吃;chī;吃;hêk;खा;تأكل;есть;খাওয়া;食べる
edge;edge;borde;beira;bord;边缘;biānyuán;边缘;bīnjyùn;एज;حافة;край;প্রান্ত;縁
egg;egg;huevo;ovo;œuf;蛋;dàn;蛋;dáan;अंडा;بيضة;яйцо;ডিম;卵
eight;eight;ocho;oito;huit;八;bā;八;bâat;आठ;ثمانية;восемь;আট;8
eighteen;eighteen;dieciocho;dezoito;dix-huit;十八;shíbā;十八;sapbâat;अठारह;ثمانية عشر;восемна́дцать;আঠার;18
eighty;eighty;ochenta;oitenta;quatre-vingts;八十;bāshí;八十;bâatsap;अस्सी;ثمانون;восемьдесят;আশি;80
election;election;elección;eleição;élection;选举;xuǎnjǔ;选举;syúngéoi;चुनाव;انتخاب;выборы;নির্বাচন;選挙
electronics;electronics;electrónica;eletrônicos;électronique;电子产品;diànzǐchǎnpǐn;电子产品;dinzícáanbán;इलेक्ट्रानिक्स;إلكترونيات;электроника;ইলেকট্রনিক্স;エレクトロニクス
eleven;eleven;once;onze;onze;十一;shíyī;十一;sapjāt;ग्यारह;أحد عشر;оди́ннадцать;এগার;十一
energy;energy;energía;energia;énergie;活力;huólì;活力;wutlik;ऊर्जा;طاقة;энергия;শক্তি;エネルギー
engine;engine;motor;motor;moteur;引擎;yǐnqíng;引擎;jǎnkìng;यन्त्र;محرك;двигатель;ইঞ্জিন;エンジン
escape;escape;escapar;escapar;s'échapper;逃脱;táotuō;逃脱;tòutyût;पलायन;يهرب;побег;অব্যাহতি;逃れる
evening;evening;noche;noite;soir;夜晚;yèwǎn;夜晚;jemǎan;रात;ليل;ночь;রাত;夜
exercise;exercise;ejercicio;exercício;exercer;锻炼;duànliàn;锻炼;dyûnlin;व्यायाम;تمرين;упражнение;ব্যায়াম;運動
expensive;expensive;costoso;caro;coûteux;昂贵;ángguì;昂贵;ngònggwâi;महंगा;غالي;дорогой;ব্যয়বহুল;高価な
explode;explode;explotar;explodir;exploser;爆炸;bàozhà;爆炸;bâauzâa;विस्फोट;ينفجر;взорваться;বিস্ফোরিত করা;爆発します
eye;eye;ojo;olho;œil;眼睛;yǎnjīng;眼睛;ngǎanzīng;आंख;عين;глаз;চোখ;眼
face;face;cara;cara;visage;脸;liǎn;脸;lǐm;चेहरा;وجه;лицо;মুখ;顔
fall (season);fall;otoño;outono;automne;秋;qiū;秋;cāu;गिरना;خريف;осень;পড়া;秋
fall (verb);fall;caer;cair;tomber;掉下;diào xià;掉下;diu haa;गिरने के लिये;يسقط;падать;পড়া;落ちる
family;family;familia;família;famille;家庭;jiātíng;家庭;gāatìng;परिवार;الأسرة;семья;পরিবার;家族
famous;famous;famoso;famoso;célèbre;著名;zhùmíng;著名;zyûmìng;ख्याति प्राप्त;مشهور;известный;বিখ্যাত;名高いです
fan (device);fan;ventilador;ventilador;ventilateur;扇子;shànzi;扇子;sînzí;पंखा;مروحة;поклонник;পাখা;ファン
fan (person);fan;fan;fã;fan;扇子;shànzi;扇子;sînzí;पंखा;معجب;поклонник;পাখা;ファン
far;far;lejos;longe;loin;远;yuǎn;远;jyǔn;दूर;بعيد;далеко;এ পর্যন্ত;遥か
farm;farm;granja;fazenda;cultiver;农场;nóngchǎng;农场;nùngcòeng;खेत;مزرعة;ферма;খামার;ファーム
fast;fast;rápido;rápido;rapide;快;kuài;快;fâai;तेज;سريع;быстрый;দ্রুত;速いです
father;father;padre;pai;père;爸爸;bàba;爸爸;bāabāa;पिता;بابا;папа;বাবা;パパ
feather;feather;pluma;pena;plume;羽毛;yǔmáo;羽毛;jyǔmòu;पंख;ريشة;перо́;পালক;フェザー
February;February;febrero;fevereiro;février;二月;èryuè;二月;jijyut;फ़रवरी;فبراير;февраль;ফেব্রুয়ারি;2月
feed;feed;alimentar;alimentação;nourrir;喂养;wèiyǎng;喂养;wâijǒeng;चारा;تغذية;подача;ভোজন;フィード
female;female;hembra;fêmea;femme;女性;nǚxìng;女性;něoisîng;महिला;أنثى;женский;মহিলা;女性
fifteen;fifteen;quince;quinze;quinze;十五;shíwǔ;十五;sapng;पंद्रह;خمسة عشر;пятнадцать;পনের;15
fifth;fifth;quinto;quinto;cinquième;第五;dìwǔ;第五;daing;पांचवां;خامس;пятый;পঞ্চম;第五の
fifty;fifty;cincuenta;cinquenta;cinquante;五十;wǔshí;五十;ngsap;पचास;خمسون;пятьдеся́т;পঞ্চাশ;五十
fight;fight;pelear;lutar;combattre;斗争;dòuzhēng;斗争;dâuzāng;लड़ने के लिए;ليقاتل;борьба;যুদ্ধ;戦うために
find;find;encontrar;encontrar;trouver;找;zhǎo;找;záau;खोज;تجد;найти;অনুসন্ধান;見つけます
finger;finger;dedo;dedo;doigt;手指;shǒuzhǐ;手指;sáuzí;उंगली;إصبع;палец;আঙ্গুল;指
fire;fire;fuego;fogo;feu;火;huǒ;火;fó;आग;إطلاق النار;огонь;আগুন;火
first;first;primero;primeiro;première;第一;dìyī;第一;daijāt;प्रथम;أول;первый;প্রথম;最初
fish;fish;pescado;peixe;poisson;鱼;yú;鱼;jyú;मछली;سمك;рыбы;মাছ;魚
five;five;cinco;cinco;cinq;五;wǔ;五;ng;पंज;خمسة;пять;পাঁচ;五
flag;flag;bandera;bandeira;drapeau;旗帜;qízhì;旗帜;kèicî;झंडा;علم;флаг;পতাকা;国旗
flat;flat;plano;plano;plat;平坦;píngtǎn;平坦;pìngtáan;समतल;عريضة;плоский;সমান;平らな
floor;floor;suelo;piso;sol;地面;dìmiàn;地面;deimin;मंज़िल;أرضية;пол;মেঝে;床
flower;flower;flor;flor;fleur;花;huā;花;fāa;फूल;زهرة;цветок;ফুল;花
fly;fly;mosca;mosca;mouche;飞;fēi;飞;fēi;उड़ना;يطير;летать;মাছি;飛ぶ
follow;follow;seguir;seguir;suivre;跟随;gēnsuí;跟随;gāncèoi;अनुसरण करने के लिए;يتبع;следовать;অনুসরণ করা;フォローする
food;food;comida;comida;aliments;食物;shíwù;食物;sikmat;खाना;غذاء;еда;খাদ্য;食物
foot;foot;pie;pé;pied;脚;jiǎo;脚;gôek;पैर;قدم;оплачивать;পা;足
forest;forest;bosque;floresta;forêt;森林;sēnlín;森林;sāmlàm;जंगल;غابة;лес;বন। জংগল;森林
fork;fork;tenedor;garfo;fourchette;叉;chā;叉;cāa;कांटा;شوكة;вилка;কাঁটাচামচ;フォーク
forty;forty;cuarenta;quarenta;quarante;四十;sìshí;四十;sêisap;चालीस;أربعين;сорок;চল্লিশ;四十
four;four;cuatro;quatro;quatre;四;sì;四;sêi;चार;أربعة;четыре;চার;四
fourteen;fourteen;catorce;quatorze;quatorze;十四;shísì;十四;sapsêi;चौदह;أربعة عشرة;четы́рнадцать;চতুর্দশ;十四
fourth;fourth;cuarto;quarto;quatrième;卧室;wòshì;卧室;ngosāt;शयनकक्ष;غرفة نوم;спальня;শয়নকক্ষ;ベッドルーム
frame;frame;marco;quadro;cadre;框架;kuàngjià;框架;kwāanggáa;ढांचा;الإطار;Рамка;ফ্রেম;フレーム
free;free;libre;livre;libre;自由;zìyóu;自由;zijàu;नि: शुल्क;مجانا;свободный;বিনামূল্যে;自由
Friday;Friday;viernes;sexta-feira;vendredi;星期五;xīngqīwǔ;星期五;sīngkèing;शुक्रवार;يوم الجمعة;пятница;শুক্রবার;金曜日
friend;friend;amigo;amigo;ami;朋友;péngyou;朋友;pàngjǎu;मित्र;صديق;друг;বন্ধু;友人
front;front;frente;frente;devant;正面;zhèngmiàn;正面;zîngmin;सामने;أمامي;передний;সদর;フロント
funny;funny;divertido;engraçado;drôle;有趣;yǒuqù;有趣;jǎucêoi;मजेदार;مضحك;забавный;হাস্যকর;おもしろいです
game;game;juego;jogo;jeu;游戏;yóuxì;游戏;jàuhêi;खेल;لعبه;игра;খেলা;ゲーム
garden;garden;jardín;jardim;jardin;花园;huāyuán;花园;fāajyùn;बगीचा;حديقة;сад;বাগান;庭園
gasoline;gasoline;gasolina;gasolina;essence;汽油;qìyóu;汽油;hêijàu;पेट्रोल;الغازولين;бензин;পেট্রল;ガソリン
gift;gift;regalo;presente;cadeau;礼物;lǐwù;礼物;lǎimat;उपहार;هدية;подарок;উপহার;贈り物
girl;girl;chica;garota;fille;女孩;nǚhái;女孩;něoihàai;लड़की;فتاة;девочка;মেয়ে;女の子
give;give;dar;dar;donner;给;gěi;给;kāp;देना;يعطى;дайте;দিতে;与える
glass;glass;vaso;copo;verre;玻璃;bōli;玻璃;bōlēi;कांच;زجاج;стекло;কাচ;ガラス
glove;glove;guante;luva;gant;手套;shǒutào;手套;sáutôu;दस्ताना;قفاز;перчатка;দস্তানা;グローブ
go;go;ir;ir;aller;离开;líkāi;离开;lèihōi;चल देना;توجو;идти;যাও;トーゴ
goat;goat;cabra;cabra;chèvre;山羊;shānyáng;山羊;sāanjòeng;बकरा;معزة;козел;ছাগল;山羊
God;God;dios;deus;dieu;上帝;shàngdì;上帝;soengdâi;परमेश्वर;إله;бог;সৃষ্টিকর্তা;神
gold;gold;oro;ouro;or;金子;jīnzi;金子;gāmzí;सोना;ذهب;золото;স্বর্ণ;ゴールド
good;good;bueno;bom;bon;好;hào;好;hôu;अच्छा न;جيد;хороший;ভাল;良い
government;government;gobierno;governo;gouvernement;政府;zhèngfǔ;政府;zîngfú;सरकार;حكومة;правительство;সরকার;政府
grandfather;grandfather;abuelo;avô;grand-père;爷爷;yéye;爷爷;jèjé;दादा;جد;дедушка;পিতামহ;祖父
grandmother;grandmother;abuela;avó;grand-mère;祖母;zǔmǔ;祖母;zóumǒu;दादी मा;جدة;бабушка;নানী;祖母
grass;grass;césped;grama;gazon;草;cǎo;草;cóu;घास;عشب;трава;ঘাস;草
gray;gray;gris;cinza;grise;灰色;huīsè;灰色;fūisīk;धूसर;رمادي;серый;ধূসর;グレー
green;green;verde;verde;vert;绿色;lǜsè;绿色;luksīk;हरा;أخضر;зеленый;সবুজ;緑
ground;ground;suelo;solo;sol;地面;dìmiàn;地面;deimin;भूमि;أرض;земля;স্থল;接地
grow;grow;crecer;crescer;grandir;生长;shēngzhǎng;生长;sāngzóeng;बढ़ना;تنمو;расти;হত্তয়া;育ちます
gun;gun;pistola;arma;arme à feu;枪;qiāng;枪;cōeng;बंदूक;بندقية;пистолет;বন্দুক;銃
hair;hair;cabello;cabelo;cheveux;头发;tóufa;头发;tàufâat;बाल;شعر;волосы;চুল;ヘア
half;half;medio;metade;demi;半;bàn;半;bûn;आधा;نصف;половина;অর্ধেক;ハーフ
hammer;hammer;martillo;martelo;marteau;锤子;chuízi;锤子;cèoizí;हथौड़ा;شاكوش;молоток;হাতুড়ি;ハンマー
hand;hand;mano;mão;main;手;shǒu;手;sáu;हाथ;يسلم;рука;হাত;手
hang;hang;colgar;pendurar;accrocher;悬挂;xuánguà;悬挂;jyùngwâa;लटकना;يُعَلِّق;вешать;ফাঁসি দেত্তয়া;ハング
happy;happy;feliz;feliz;heureux;快乐;kuàilè;快乐;fâailok;शुभ स;السعيدة;счастливый;সুখী;ハッピー
hard;hard;duro;duro;dur;坚硬;jiānyìng;坚硬;gīnngaang;कठिन;الصعب;жесткий;কঠিন;ハード
hat;hat;sombrero;chapéu;chapeau;帽子;màozi;帽子;mouzí;टोपी;قبعة;шляпа;টুপি;帽子
he;he;él;ele;il;他;tā;他;tāa;उसने;هو;он;তিনি;彼
head;head;cabeza;cabeça;tête;头;tóu;头;tàu;सिर;رأس;голова;মাথা;頭
healthy;healthy;saludable;saudável;sain;健康;jiànkāng;健康;ginhōng;स्वस्थ;صحي;здоровый;সুস্থ;元気
hear;hear;oír;ouvir;écouter;听到;tīngdào;听到;tēngdôu;सुनो;يسمع;слышать;শোনা;聞く
heart;heart;corazón;coração;cœur;心;xīn;心;sām;दिल;قلب;сердце;হৃদয়;ハート
heat;heat;calor;calor;chaleur;热;rè;热;jit;तपिश;الحرارة;высокая температура;তাপ;熱
heaven;heaven;paraíso;paraíso;paradis;天堂;tiāntáng;天堂;tīntòng;स्वर्ग;جنة;рай;নন্দনকানন;パラダイス
heavy;heavy;pesado;pesado;lourd;重;chóng;重;cùng;हैवी;ثقيل;тяжелый;ভারী;ヘビー
hell;hell;infierno;inferno;enfer;地狱;dìyù;地狱;deijuk;नरक;الجحيم;ад;জাহান্নাম;地獄
here;here;aquí;aqui;ici;这里;zhèlǐ;这里;zélěoi;यहां;هنا;здесь;এখানে;ここに
high;high;alto;alto;haut;高;gāo;高;gōu;उच्च;متوسط;высоко;উচ্চ;高い
hill;hill;colina;colina;colline;NA;NA;NA;NA;पहाड़ी;تل;холм;পাহাড়;丘
history;history;historia;história;histoire;历史;lìshǐ;历史;liksí;इतिहास;التاريخ;история;ইতিহাস;歴史
hole;hole;agujero;buraco;trou;孔;kǒng;孔;húng;छेद;الفجوة;дыра;গর্ত;穴
hook;hook;gancho;gancho;crochet;钩;gōu;钩;ngāu;अंकुड़ा;خطّاف;крюк;হুক;針
horn;horn;cuerno;chifre;corne;喇叭;lǎbā;喇叭;lâabāa;सींग;بوق;Рог;শিঙা;ホーン
horse;horse;caballo;cavalo;cheval;马;mǎ;马;mǎa;घोड़ा;حصان;лошадь;ঘোড়া;うま
hospital;hospital;hospital;hospital;hôpital;医院;yīyuàn;医院;jījyún;अस्पताल;مستشفى;больница;হাসপাতাল;病院
hot;hot;caliente;quente;chaud;热;rè;热;jit;गरम;الحار;горячей;গরম;ホット
hotel;hotel;hotel;hotel;hôtel;酒店;jiǔdiàn;酒店;záudîm;होटल;الفندق;гостиница;হোটেল;ホテル
hour;hour;hora;hora;heure;小时;xiǎoshí;小时;síusì;इस घंटे;ساعة;час;ঘন্টা;時間
house;house;casa;casa;maison;房子;fángzi;房子;fòngzí;मकान;بيت;жилой дом;গৃহ;家
human;human;humano;humano;humain;人类;rénlèi;人类;jànleoi;मानव;بشري;человек;মানবীয়;人間
hundred;hundred;cien;cem;cent;百;bǎi;百;bâak;सौ;مائة;сто;শত;百
husband;husband;marido;esposo;mari;丈夫;zhàngfu;丈夫;zoengfū;पति;الزوج;муж;স্বামী;夫
I;I;yo;eu;je;我;wǒ;我;ngǒ;मैं;أنا;я;আমি;私
ice;ice;hielo;gelo;glace;冰;bīng;冰;bīng;बर्फ;جليد;лед;বরফ;氷
idea;idea;idea;ideia;idée;主意;zhǔyi;主意;zyújî;विचार;فكرة;идея;ধারণা;考え
image;image;imagen;imagem;image;图像;túxiàng;图像;tòuzoeng;छवि;صورة;изображение;চিত্র;画像
inch;inch;pulgada;polegada;pouce;英寸;yīngcùn;英寸;jīngcyûn;इंच;بوصة;дюйм;ইঞ্চি;インチ
injury;injury;lesión;ferimentos;blessure;受伤;shòushāng;受伤;sausōeng;चोट;إصابة;поврежде́ние;আঘাত;けが
inside;inside;dentro;dentro de;intérieur;里面;lǐmiàn;里面;lěoimin;के भीतर;داخل;внутри;ভিতরে;屋内に
instrument;instrument;instrumento;instrumento;instrument;仪器;yíqì;仪器;jìhêi;यंत्र;أداة;инструмент;যন্ত্র;器械
island;island;isla;ilha;île;岛;dǎo;岛;dóu;द्वीप;جزيرة;остров;দ্বীপ;島
it;it;eso;isso;il;它;tā;它;tāa;यह;NA;он;এটা;それ
January;January;enero;janeiro;janvier;一月;yīyuè;一月;jātjyut;जनवरी;يناير;январь;জানুয়ারী;1月
jewel;jewel;joya;jóia;bijou;宝;bǎo;宝;bóu;गहना;جوهرة;драгоценный камень;মণি;宝石
job;job;trabajo;trabalho;travail;工作;gōngzuò;工作;gūngzôk;काम;وظيفة;работа;কাজ;ジョブ
juice;juice;jugo;sumo;jus;果汁;guǒzhī;果汁;gwózāp;रस;عصير;сок;রস;ジュース
July;July;julio;julho;juillet;七月;qīyuè;七月;cātjyut;जुलाई;تموز;июль;জুলাই;七月
jump;jump;saltar;pular;sauter;跳;tiào;跳;tîu;कूदना;يقفز;прыгать;লাফ দিতে;ジャンプする
June;June;junio;junho;juin;六月;liùyuè;六月;lukjyut;जून;يونيو;июнь;জুন;六月
kettle;kettle;hervidor;chaleira;bouilloire;水壶;shuǐhú;水壶;séoiwú;केतली;غلاية;чайник;কেতলি;ケトル
key;key;llave;chave;clé;钥匙;yàoshi;钥匙;joeksì;चाभी;مفتاح;ключ;মূল;キー
kill;kill;matar;matar;tuer;杀;shā;杀;sâat;मार;قتل;убийство;হত্যা;殺します
kilogram;kilogram;kilogramo;quilograma;kilogramme;公斤;gōngjīn;公斤;gūnggān;किलोग्राम;كيلوغرام;килограмм;কিলোগ্রাম;キログラム
king;king;rey;rei;roi;国王;guówáng;国王;gwôkwòng;राजा;ملك;король;রাজা;キング
kiss;kiss;beso;beijo;embrasser;吻;wěn;吻;mǎn;चुम्मा;قبلة;целовать;চুম্বন;接吻
kitchen;kitchen;cocina;cozinha;cuisine;厨房;chúfáng;厨房;cyùfóng;रसोई;مطبخ;кухня;রান্নাঘর;キッチン
knee;knee;rodilla;joelho;genou;膝盖;xīgài;膝盖;sātgôi;घुटना;ركبة;колено;হাঁটু;膝
knife;knife;cuchillo;faca;couteau;刀;dāo;刀;dōu;चाकू;سكين;нож;ছুরি;ナイフ
knot;knot;nudo;nó;nouer;NA;na;NA;NA;NA;عُقْدة;NA;NA;NA
lake;lake;lago;lago;lac;湖;hú;湖;wù;झील;بحيرة;озеро;হ্রদ;湖
lamp;lamp;lámpara;luminária;lampe;灯;dēng;灯;dāng;दीपक;مصباح;ла́мпа;বাতি;ランプ
language;language;idioma;idioma;langue;语言;yǔyán;语言;jyǔjìn;भाषा: हिन्दी;لغة;язык;ভাষা;言語
laptop;laptop;laptop;laptop;portable;笔记本电脑;bǐjìběndiànnǎo;笔记本电脑;bātgêibúndinnǒu;लैपटॉप;كمبيوتر محمول;ноутбук;ল্যাপটপ;ノートパソコン
last;last;último;último;dernier;最后;zuìhòu;最后;zêoihau;पिछले;أخير;последний;শেষ;最後の
laugh;laugh;reír;rir;rire;笑;xiào;笑;sîu;हंसना;يَضْحَك;смеяться;হাসি থেকে;笑う
lawyer;lawyer;abogado;advogado;avocat;律师;lǜshī;律师;leotsī;प्रतिनिधि;محامي;адвокат;অ্যাটর্নি;代理人
leaf;leaf;hoja;folha;feuille;叶子;yèzi;叶子;jipzí;लीफ;ورقة الشجر;лист;গাছের পাতা;葉
learn;learn;aprender;aprender;apprendre;学习;xuéxí;学习;hokzaap;सीखना;يتعلم;учиться;শেখা;学びます
left;left;izquierda;esquerda;gauche;剩下;shèngxià;剩下;zinghaa;बाएं;اليسار;оставили;বাম;左
leg;leg;pierna;perna;jambe;腿;tuǐ;腿;téoi;टांग;ساق;нога;পা;脚
lemon;lemon;limón;limão;citron;柠檬;níngméng;柠檬;nìngmūng;नींबू;ليمون;лимон;লেবু;レモン
letter;letter;carta;carta;lettre;信;xìn;信;sêon;पत्र;رسالة;письмо;চিঠি;文字
library;library;biblioteca;biblioteca;bibliothèque;图书馆;túshūguǎn;图书馆;tòusyūgún;पुस्तकालय;مكتبة;библиотека;গ্রন্থাগার;図書館
lie down;lie down;acostar;deitar;s'allonger;躺下;tǎng xià;躺下;tóng haa;नीचे लिटाना;يستلقي;лечь;শোয়া;横になります
lift;lift;levantar;levantar;soulever;举起;jǔqǐ;举起;géoihéi;उठा देना;لرفع;поднимать;উত্তোলন করতে;リフトへ
light (brightness);light;claro;claro;clair;清除;qīngchú;清除;cīngcèoi;स्पष्ट;ضوء;чисто;স্পষ্ট;晴れ
light (noun);light;luz;luz;lumière;光;guāng;光;gwōng;रोशनी;إضاءة;свет;আলো;光
light (weight);light;ligero;leve;léger;光;guāng;光;gwōng;रोशनी;خفيف;свет;আলো;光
line;line;línea;linha;ligne;线;xiàn;线;sîn;लाइन;خط;линия;লাইন;ライン
lip;lip;labio;lábio;lèvre;唇;chún;唇;sèon;ओंठ;شفة;губа;ঠোঁট;リップ
listen;listen;escuchar;ouvir;écouter;听;tīng;听;tîng;बात सुनो;استمع;слушать;শোনা;聴く
location;location;ubicación;localização;lieu;地点;dìdiǎn;地点;deidím;स्थान;موقع;местонахождение;অবস্থান;ロケーション
lock;lock;candado;cadeado;cadenas;挂锁;guàsuǒ;挂锁;gwâasó;ताला;قفل;замок;কুলুপ;南京錠
long;long;largo;longo;long;长;cháng;长;còeng;लंबा;طويل;длинный;দীর্ঘ;長いです
loose;loose;suelto;solto;ample;松;sōng;松;sūng;ढीला;مرتخي;свободный;আলগা;緩いです
lose;lose;perder;perder;perdre;失去;shīqù;失去;sāthêoi;खोने के लिए;يخسر;терять;হারান;失う
lost;lost;perdido;perdido;perdu;丢失;diūshī;丢失;dīusāt;खोया हुआ;ضائع;потерял;নিখোঁজ;失われました
loud;loud;ruidoso;alto;bruyant;响;xiǎng;响;hóeng;जोर;صاخب;громко;অট্ট;うるさいです
love;love;amar;amar;aimer;爱;ài;爱;ôi;प्यार करने के लिए;يحب;любить;ভালবাসতে;愛する
low;low;bajo;baixo;bas;低;dī;低;dāi;कम;قليل;низкий;কম;低いです
lucky;lucky;suertudo;afortunado;chanceux;幸运;xìngyùn;幸运;hangwan;मुक़द्दर का सिकंदर;محظوظ;счастливчик;ভাগ্যবান;幸運な
lunch;lunch;almuerzo;almoço;déjeuner;午餐;wǔcān;午餐;ngcāan;दोपहर का भोजन;غداء;обед;মধ্যাহ্নভোজ;ランチ
magazine;magazine;revista;revista;magazine;杂志;zázhì;杂志;zaapzî;पत्रिका;مجلة;журнал;পত্রিকা;マガジン
male;male;masculino;masculino;masculin;男性;nánxìng;男性;nàamsîng;पुरुष;الذكر;мужчина;পুরুষ;男性
man;man;hombre;homen;homme;男人;nánrén;男人;nàamjàn;पु रूप;رجل;человек;মানুষ;おとこ
manager;manager;gerente;gerente;directeur;经理;jīnglǐ;经理;gīnglěi;मैनेजर;إدارة;руководитель;ব্যবস্থাপক;マネージャー
map;map;mapa;mapa;carte;地图;dìtú;地图;deitòu;नक्शा;خريطة;карта;মানচিত্র;地図
March;March;marzo;março;mars;三月;sānyuè;三月;sāamjyut;जुलूस;مارس;марш;মার্চ;行進
market;market;mercado;mercado;marché;市场;shìchǎng;市场;sǐcòeng;मंडी;سوق;рынок;বাজার;市場
marriage;marriage;matrimonio;casado;mariage;婚姻;hūnyīn;婚姻;fānjān;शादी;زواج;брак;বিবাহ;結婚
marry;marry;casar;casar;marier;结婚;jiéhūn;结婚;#ERROR!;शादी कर;تزوج;выйти замуж;বিবাহ করা;結婚します
match;match;fósforo;fósforo;allumette;NA;na;NA;NA;NA;عود ثِقاب;NA;NA;NA
material;material;material;material;matériel;材料;cáiliào;材料;còilíu;सामग्री;مواد;материал;উপাদান;材料
May;May;mayo;maio;peut;可能;kěnéng;可能;hónàng;मई;يمكن;май;মে;五月
mean;mean;significar;significar;signifier;意味着;yìwèizhe;意味着;jîmeizoek;का मतलब;يعني;значить;মানে;意味する
medicine;medicine;medicina;medicamento;médicament;药物;yàowù;药物;joekmat;दवा;دواء;лекарство;ওষুধ;薬
melt;melt;derretir;fundição;fondre;熔化;rónghuà;熔化;jùngfâa;पिघल;يَذوب;таять;দ্রবীভূত করা;メルト
message;message;mensaje;mensagem;message;信息;xìnxī;信息;sêonsīk;संदेश;رسالة;сообщение;বার্তা;メッセージ
metal;metal;metal;metal;métal;金属;jīnshǔ;金属;gāmsuk;धातु;فلز;металл;ধাতু;金属
meter;meter;metro;metro;mètre;仪表;yíbiǎo;仪表;jìbíu;मीटर;متر;метр;মিটার;メートル
milk;milk;leche;leite;lait;牛奶;niúnǎi;牛奶;ngàunǎai;दूध;حليب;молоко;দুধ;ミルク
million;million;millón;milhão;million;百万;bǎiwàn;百万;bâakmaan;दस लाख;مليون;миллиона;মিলিয়ন;百万
minute;minute;minuto;minuto;minute;分钟;fēnzhōng;分钟;fānzūng;मिनट;دقيقة;минут;মিনিট;分
mix;mix;mezclar;misturar;mélanger;混合;hùnhé;混合;wanhap;मिक्स;مزج;смешивание;মিশ্রণ;ミックス
Monday;Monday;lunes;segunda-feira;lundi;周一;zhōuyī;周一;zāujāt;सोमवार;الاثنين;понедельник;সোমবার;月曜
money;money;dinero;dinheiro;argent;钱;qián;钱;cín;पैसे;مال;деньги;টাকা;お金
monkey;monkey;mono;macaco;singe;NA;na;NA;NA;NA;قِرْد;NA;NA;NA
month;month;mes;mês;mois;月;yuè;月;jyut;महीना;شهر;месяц;মাস;月
moon;moon;luna;lua;lune;月亮;yuèliang;月亮;jyutloeng;चांद;القمر;луна;চাঁদ;月
morning;morning;mañana;manhã;matin;早晨;zǎochén;早晨;zóusàn;सुबह;صباح;утро;সকাল;朝
mother;mother;madre;mãe;mère;母亲;mǔqīn;母亲;mǒucān;मां;أم;мать;মা;母
mountain;mountain;montaña;montanha;montagne;山;shān;山;sāan;पहाड़;جبل;гора;পর্বত;山
mouse;mouse;ratón;rato;souris;老鼠;lǎoshǔ;老鼠;lǒusyú;चूहा;الفأر;мышь;মাউস;マウス
mouth;mouth;boca;boca;bouche;嘴;zuǐ;嘴;zéoi;मुंह;فم;рот;মুখ;口
movie;movie;película;filme;film;电影;diànyǐng;电影;dinjíng;चलचित्र;فيلم;фильм;সিনেমা;映画
murder;murder;asesinato;assassinato;meurtre;谋杀;móushā;谋杀;màusâat;हत्या;قتل;убийство;হত্যা;殺人
muscle;muscle;músculo;músculo;muscle;肌肉;jīròu;肌肉;gēijuk;मांसपेशी;عضلة;мускул;পেশী;筋
music;music;música;música;musique;音乐;yīnyuè;音乐;jāmngok;संगीत;موسيقى;музыка;সঙ্গীত;音楽
nail;nail;clavo;prego;clou;指甲;zhǐjia;指甲;zígâap;नाखून;مسمار;гвоздь;পেরেক;爪
narrow;narrow;estrecho;estreito;étroit;窄;zhǎi;窄;zâak;संकीर्ण;ضيق;узкий;সংকীর্ণ;狭い
nature;nature;naturaleza;natureza;nature;自然;zìrán;自然;zijìn;प्रकृति;الطبيعة;природа;প্রকৃতি;自然
near;near;cerca;perto;proche;靠近;kàojìn;靠近;kâaugan;पास में;قرب;близко;কাছে;近くに
neck;neck;cuello;pescoço;cou;脖子;bózi;脖子;butzí;गरदन;رقبة;шея;ঘাড়;首
needle;needle;aguja;agulha;aiguille;针;zhēn;针;zām;सुई;إبرة;иголка;সুই;針
neighbor;neighbor;vecino;vizinho;voisin;邻居;línjū;邻居;lèongēoi;पड़ोसी;جار;сосед;প্রতিবেশী;隣人
nerve;nerve;nervio;nervo;nerf;神经;shénjīng;神经;sàngīng;नस;عصب;нерв;স্নায়ু;神経
net;net;red;rede;filet;NA;na;NA;NA;NA;شَبَكة;сеть;NA;NA
network;network;red;rede;réseau;网络;wǎngluò;网络;mǒnglok;नेटवर्क;شَبَكة;сеть;অন্তর্জাল;通信網
new;new;nuevo;novo;nouveau;新;xīn;新;sān;नवीन व;الجديد;новый;নতুন;新着
newspaper;newspaper;periódico;jornal;journal;报纸;bàozhǐ;报纸;bôuzí;समाचार पत्र;جريدة;газета;সংবাদপত্র;新聞
night;night;noche;noite;nuit;夜晚;yèwǎn;夜晚;jemǎan;रात;ليل;ночь;রাত;夜
nine;nine;nueve;nove;neuf;九;jiǔ;九;gáu;नौ;تسع;девять;নয়;九つ
nineteen;nineteen;diecinueve;dezenove;dix-neuf;十九;shíjiǔ;十九;sapgáu;उन्नीस;تسعة عشر;девятна́дцать;উনিশ;十九
ninety;ninety;noventa;noventa;quatre-vingt-dix;九十;jiǔshí;九十;gáusap;नव्वे;تسعين;девяносто;নব্বুই;90
no;no;no;não;non;NA;na;NA;NA;नहीं न;لا;нет;না;番号
north;north;norte;norte;nord;北;běi;北;bāk;उत्तरी;شمال;север;উত্তর;北
nose;nose;nariz;nariz;nez;鼻子;bízi;鼻子;beizí;नाक;الأنف;нос;নাক;鼻
note;note;nota;nota;note;笔记;bǐjì;笔记;bātgêi;ध्यान दें;ملاحظة;примечание;বিঃদ্রঃ;注意
November;November;noviembre;novembro;novembre;十一月;shíyīyuè;十一月;sapjātjyut;नवंबर;نوفمبر;ноябрь;নভেম্বর;十一月
nuclear;nuclear;nuclear;nuclear;nucléaire;核;hé;核;wat;नाभिकीय;نووي;ядерной;পারমাণবিক;核の
number;number;número;número;numéro;数字;shùzì;数字;sôuzi;संख्या;عدد;номер;সংখ্যা;数
nut;nut;nuez;noz;noix;NA;na;NA;NA;अखरोट;مِكَسَّرات;NA;NA;NA
ocean;ocean;océano;oceano;océan;海洋;hǎiyáng;海洋;hóijòeng;सागर;محيط;океан;মহাসাগর;海洋
October;October;octubre;outubro;octobre;十月;shíyuè;十月;sapjyut;अक्टूबर;أكتوبر;октября;অক্টোবর;10月
office;office;oficina;escritório;bureau;办公室;bàngōngshì;办公室;baangūngsāt;कार्यालय;مكتب;офис;দপ্তর;オフィス
oil;oil;aceite;óleo;pétrole;油;yóu;油;jàu;तेल;نفط;масло;তেল;油
old (people);old;viejo;velho;vieux;老;lǎo;老;lǒu;पुराना;عجوز;пожилой;পুরাতন;年取った
old (things);old;viejo;velho;vieux;旧;jiù;旧;gau;पुराना;قديم;старый;পুরাতন;古い
one;one;uno;um;un;一;yī;一;jāt;एक;واحد;один;এক;1
open;open;abrir;abrir;ouvrir;打开;dǎkāi;打开;dáahōi;खुला हुआ;لفتح;открыть;খোলা;開いた
orange (color);orange;naranja;laranja;orange;橘子;júzi;橘子;gwātzí;संतरा;البرتقالي;апельсин;কমলা;オレンジ
orange (fruit);orange;naranja;laranja;orange;橘子;júzi;橘子;gwātzí;संतरा;البرتقالي;апельсин;কমলা;オレンジ
outside;outside;afuera;fora;extérieur;外面;wàimiàn;外面;ngoimin;बाहर;الخارج;за пределами;বাহিরে;外側
oven;oven;horno;forno;four;NA;na;NA;NA;NA;فرن;NA;NA;NA
page;page;página;página;page;页;yè;页;jip;पृष्ठ;صفحة;страница;পৃষ্ঠা;ページ
pain;pain;dolor;dor;douleur;痛;tòng;痛;tûng;दर्द;الم;боль;ব্যথা;痛み
paint;paint;pintar;pintar;peinturer;画;huà;画;waak;रंग;رسم;краска;রং;ペイント
pants;pants;pantalones;calça;pantalon;裤子;kùzi;裤子;fûzí;पैंट;بنطال;брюки;প্যান্ট;パンツ
paper;paper;papel;papel;papier;纸;zhǐ;纸;zí;कागज़;ورق;бумага;কাগজ;論文
parent;parent;padre;pai;parent;爸爸;bàba;爸爸;bāabāa;पिता;بابا;папа;বাবা;パパ
park;park;parque;parque;parc;公园;gōngyuán;公园;gūngjyún;पार्क;حديقة;парк;পার্ক;パーク
pass;pass;pasar;passar;passer;通过;tōngguò;通过;tūnggwô;पारित करने के लिए;يمر;пройти;অতিক্রম করতে;合格する
patient;patient;paciente;paciente;patient;病人;bìngrén;病人;bengjàn;मरीज़;مريض;пациент;রোগী;患者
pattern;pattern;patrón;padrão;motif;图案;túàn;图案;tòuôn;प्रतिरूप;نمط;шаблон;প্যাটার্ন;パターン
pay;pay;pagar;pagar;payer;支付;zhīfù;支付;zīfu;भुगतान करने के लिए;يدفع;платить;পরিশোধ করতে;支払う
peace;peace;paz;paz;paix;和平;hépíng;和平;wòpìng;शांति;سلام;мир;শান্তি;平和
pen;pen;bolígrafo;caneta;stylo;笔;bǐ;笔;bāt;कलम;قلم;ручка;কলম;ペン
pencil;pencil;lápiz;lápis;crayon;铅笔;qiānbǐ;铅笔;jyùnbāt;पेंसिल;قلم;карандаш;পেন্সিল;鉛筆
person;person;persona;pessoa;personne;人;rén;人;jàn;व्यक्ति;شخص;человек;ব্যক্তি;人
photograph;photograph;fotografía;fotografia;photographie;摄影;shèyǐng;摄影;sîpjíng;फोटोग्राफी;التصوير;фотография;ফটোগ্রাফি;写真術
picture;picture;cuadro;desenho;dessin;NA;na;NA;NA;NA;صورة;NA;NA;NA
piece;piece;pieza;peça;pièce;块;kuài;块;fâai;टुकड़ा;قطعة;кусок;টুকরা;一片
pig;pig;cerdo;porco;porc;猪;zhū;猪;zyū;सूअर;خنزير;свинья;শূকর;豚
pin;pin;alfiler;alfinete;épingler;别针;biézhēn;别针;bitzām;पिन;دبوس;штырь;পিন;ピン
pink;pink;rosado;rosa;rose;粉红色;fěnhóngsè;粉红色;fánhùngsīk;गुलाबी;زهري;розоватый;গোলাপী;がかりました
pipe;pipe;tubo;tubo;tuyau;NA;na;NA;NA;NA;أنْبوب;трубка;নল;NA
plane;plane;avión;avião;avion;飞机;fēijī;飞机;fēigēi;विमान;طائرة;самолет;সমতল;飛行機
plant;plant;planta;planta;plante;植物;zhíwù;植物;zikmat;पौधा;مصنع;растение;উদ্ভিদ;工場
plastic;plastic;plástico;plástico;plastique;塑料;sùliào;塑料;sôulíu;प्लास्टिक;بلاستيك;пластик;প্লাস্টিক;プラスチック
plate;plate;plato;prato;plat;盘子;pánzi;盘子;pùnzí;प्लेट;لوحة;пластина;প্লেট;プレート
play;play;jugar;brincar;jouer;玩;wán;玩;wun;खेल;لعب;играть;খেলা;演奏する
player;player;jugador;jogador;joueur;播放机;bōfàngjī;播放机;bôfônggēi;खिलाड़ी;لاعب;плеер;খেলোয়াড়;プレーヤー
pocket;pocket;bolsillo;bolso;poche;口袋;kǒudài;口袋;háudói;जेब;جيب;карман;পকেট;ポケット
poison;poison;veneno;veneno;poison;毒;dú;毒;duk;ज़हर;سم;яд;বিষ;毒
police;police;policía;polícia;police;警察;jǐngchá;警察;gíngcâat;पुलिस;شرطة;полиция;পুলিশ;警察
pool;pool;piscina;piscina;bassin;水池;shuǐchí;水池;séoicì;पूल;حوض السباحة;бассейн;পুকুর;プール
poor;poor;pobre;pobre;pauvre;较差;jiàochà;较差;gâaucāa;गरीब;مسكين;бедные;দরিদ্র;貧しいです
pork;pork;cerdo;carne de porco;porc;猪肉;zhūròu;猪肉;zyūjuk;सुअर का मांस;لحم خنزير;свинина;শুয়োরের মাংস;豚肉
pot;pot;olla;panela;casserole;NA;na;NA;NA;NA;قِدْر;NA;NA;NA
potato;potato;papa;batata;patate;NA;na;NA;NA;NA;بَطاطس;NA;NA;NA
pray;pray;rezar;rezar;prier;祈祷;qídǎo;祈祷;kèitóu;प्रार्थना;صلى;молиться;প্রার্থনা করা;祈る
president;president;presidente;presidente;président;总统;zǒngtǒng;总统;zúngtúng;अध्यक्ष;رئيس;президент;সভাপতি;大統領
price;price;precio;preço;prix;价格;jiàgé;价格;gâagâak;कीमत;السعر;цена;মূল্য;価格
priest;priest;sacerdote;sacerdote;prêtre;牧师;mùshī;牧师;muksī;पुजारी;كاهن;священник;যাজক;祭司
prison;prison;prisión;prisão;prison;监狱;jiānyù;监狱;gāamjuk;जेल व;السجن;тюрьма;কারাগার;刑務所
program;program;programa;programa;programme;程序;chéngxù;程序;cìngzeoi;कार्यक्रम;برنامج;программа;কার্যক্রম;プログラム
pull;pull;jalar;puxar;tirer;拉;lā;拉;lāai;खींचें;يَسْحَب;тянуть;টান;引く
push;push;empujar;empurrar;pousser;推;tuī;推;tēoi;धक्का दें;يدفع;толкать;ধাক্কা;押す
put;put;colocar;colocar;mettre;放在;fàngzài;放在;fôngzoi;रखना;لوضع;положить;করা;置く
queen;queen;reina;rainha;reine;女王;nǚwáng;女王;něoiwòng;रानी;ملكة;королева;রাণী;女王
quiet;quiet;silencioso;calmo;calme;安静;ānjìng;安静;ōnzing;शांत;هدوء;тихий;শান্ত;穏やか
race (competition);race;carrera;corrida;course;赛跑;sài pǎo;赛跑;NA;दौड़;سباق;гонки;জাতি;競争
race (people);race;raza;raça;race;种族;zhǒngzú;种族;zúngzuk;रेस;عرق;расовая принадлежность;জাতি;人種
radio;radio;radio;rádio;radio;收音机;shōuyīnjī;收音机;sāujāmgēi;रेडियो;مذياع;радио;রেডিও;無線
rail;rail;riel;trilho;rail;铁轨;tiěguǐ;铁轨;tîtgwái;रेल;سكة حديدية;рельс;রেল;レール
rain;rain;lluvia;chuva;pluie;雨;yǔ;雨;jyǔ;वर्षा;تمطر;дождь;বৃষ্টি;雨
rat;rat;rata;rato;rat;NA;na;NA;NA;चूहा;جُرَذ;NA;NA;NA
receipt;receipt;recibo;recibo;reçu;收据;shōujù;收据;sāugêoi;रसीद;وصل;квитанция;প্রাপ্তি;領収書
red;red;rojo;vermelho;rouge;红色;hóngsè;红色;hùngsīk;लाल;أحمر;красный;লাল;赤
religion;religion;religión;religião;religion;宗教;zōngjiào;宗教;zūnggâau;धर्म;دين;религия;ধর্ম;宗教
remember;remember;recordar;lembrar;se souvenir;记住;jìzhu;记住;gêizyu;याद करते;يتذكر;помните;মনে রাখা;思い出します
reporter;reporter;reportero;repórter;journaliste;记者;jìzhě;记者;gêizé;रिपोर्टर;مراسل;репортер;সংবাদদাতা;レポーター
restaurant;restaurant;restaurante;restaurante;restaurant;餐厅;cāntīng;餐厅;cāantēng;खाने की दुकान;مطعم;ресторан;রেঁস্তোরা;レストラン
rice;rice;arroz;arroz;riz;白饭;báifàn;白饭;baakfaan;चावल;أرز;рис;ধান;ご飯
rich;rich;rico;rico;riche;富有;fùyǒu;富有;fûjǎu;धनी;ثري;богатые;সমৃদ্ধ;リッチ
right;right;derecha;direita;droite;正确;zhèngquè;正确;zîngkôk;सही;حق;верно;অধিকার;正しい
ring;ring;anillo;anel;bague;戒指;jièzhi;戒指;gâaizí;चक्राकार पदार्थ;حلقة;звенеть;রিং;リング
river;river;río;rio;fleuve;河;hé;河;hò;नदी;نهر;река;নদী;川
road;road;carretera;via;route;公路;gōnglù;公路;gūnglou;सड़क;طريق;дорога;রাস্তা;道
rod;rod;vara;haste;tige;NA;na;NA;NA;NA;عَصا;NA;NA;NA
roof;roof;techo;telhado;toit;屋顶;wūdǐng;屋顶;ūkdéng;छत;سقف;крыша;ছাদ;ルーフ
room;room;habitación;quarto;salle;卧室;wòshì;卧室;ngosāt;शयनकक्ष;غرفة نوم;спальня;শয়নকক্ষ;ベッドルーム
root;root;raíz;raiz;racine;根;gēn;根;gān;जड़;جذر;корень;মূল;ルート
rope;rope;cuerda;corda;corde;NA;NA;NA;NA;NA;حَبْل;NA;NA;NA
run;run;correr;correr;courir;跑步;pǎobù;跑步;páaubou;चलाने के लिए;يركض;пробег;চালান;ラン
sad;sad;triste;triste;triste;伤心;shāngxīn;伤心;sōengsām;उदास;حزين;грустный;দু: খিত;悲しい
sail;sail;vela;vela;voile;NA;na;NA;NA;NA;شِراع;NA;NA;NA
salt;salt;sal;sal;sel;盐;yán;盐;jìm;नमक;ملح;соль;লবণ;塩
sand;sand;arena;areia;sable;沙;shā;沙;sāa;रेत;رمل;песок;বালি;砂
Saturday;Saturday;sábado;sábado;samedi;周六;zhōuliù;周六;zāuluk;शनिवार;السبت;суббота;শনিবার;土曜日
say;say;decir;dizer;dire;说;shuō;说;syût;कहने के लिए;ليقول;сказать;বলতে;言う
scared;scared;asustado;assustado;effrayé;害怕;hàipà;害怕;hoipâa;डरा हुआ;مرتعب;напугана;ভীত;おびえました
school;school;colegio;escola;école;学校;xuéxiào;学校;hokhaau;स्कूल;المدرسة;школа;বিদ্যালয়;学校
science;science;ciencia;ciência;science;科学;kēxué;科学;fōhok;विज्ञान;علم;наука;বিজ্ঞান;理科
scissors;scissors;tijeras;tesoura;ciseaux;NA;na;NA;NA;NA;مَقَصّ;NA;NA;はさみ
screen;screen;pantalla;tela;écran;屏幕;píngmù;屏幕;pìngmok;स्क्रीन;شاشة;экран;পর্দা;画面
screw;screw;tornillo;parafuso;vis;拧紧;níngjǐn;拧紧;ninggán;स्क्रू;أفسد;винт;স্ক্রু;スクリュー
sea;sea;mar;mar;mer;海;hǎi;海;hói;समुद्र;بحر;море;সমুদ্র;海
season;season;temporada;estação;saison;季节;jìjié;季节;gwâizît;मौसम;الموسم;время года;মৌসম;シーズン
second (position);second;segundo;segundo;deuxième;第二;dìèr;第二;daiji;दूसरा;ثانيا;второй;দ্বিতীয়;第2
second (time);second;segundo;segundo;deuxième;第二;dìèr;第二;daiji;दूसरा;ثانيا;второй;দ্বিতীয়;第2
secretary;secretary;secretario;secretário;secrétaire;秘书;mìshū;秘书;bêisyū;सचिव;سكرتير;секретарь;সম্পাদক;秘書
see;see;ver;ver;voir;看;kàn;看;hôn;देखने के लिए;لترى;видеть;দেখতে;見る
seed;seed;semilla;semente;graine;种子;zhǒngzi;种子;zúngzí;बीज;بذرة;семя;বীজ;シード
sell;sell;vender;vender;vendre;卖;mài;卖;maai;बेचना;باع;продавать;বিক্রয়;売る
September;September;septiembre;setembro;septembre;九月;jiǔyuè;九月;gáujyut;सितंबर;سبتمبر;сентябрь;সেপ্টেম্বর;九月
seven;seven;siete;sete;sept;七;qī;七;cāt;सात;سبعة;семь;সাত;セブン
seventeen;seventeen;diecisiete;dezessete;dix-sept;十七;shíqī;十七;sapcāt;सत्रह;سبعة عشر;семнадцать;সতের;17
seventy;seventy;setenta;setenta;soixante-dix;七十;qīshí;七十;cātsap;सत्तर;سبعون;семьдесят;সত্তর;70
sex (action);sex;sexo;sexo;sexe;性别;xìngbié;性别;sîngbit;लिंग;جنس;секс;লিঙ্গ;性別
sex (male-female);sex;sexo;sexo;sexe;性别;xìngbié;性别;sîngbit;लिंग;جنس;секс;লিঙ্গ;性別
shake;shake;sacudir;sacudir;secouer;摇;yáo;摇;jìu;शेक;هزة;взболтать;ঝাঁকি;シェイク
shallow;shallow;superficial;raso;peu profond;浅;qiǎn;浅;cín;उथला;أجوف;мелкий;অগভীর;浅い
she;she;ella;ela;elle;她;tā;她;tāa;वह;هي;она;সে;彼女
sheep;sheep;oveja;ovelha;mouton;羊;yáng;羊;jòeng;भेड़;خروف;овца;মেষ;羊
shelf;shelf;repisa;prateleira;étagère;架子;jiàzi;架子;gáazí;शेल्फ;رفوف;полка;বালুচর;棚
ship;ship;embarcacion;navio;bateau;船;chuán;船;syùn;समुंद्री जहाज;سفينة;корабль;জাহাজ;船
shirt;shirt;camisa;camisa;chemise;衬衫;chènshān;衬衫;cânsāam;कमीज;قميص;рубашка;শার্ট;シャツ
shoes;shoes;zapatos;sapatos;chaussures;鞋;xié;鞋;hàai;जूते;أحذية;туфли;জুতা;靴
shoot;shoot;disparar;atirar;tirer;射击;shèjī;射击;segīk;गोली मार;أطلق النار;стрелять;অঙ্কুর;シュート
short (length);short;corto;curto;court;短;duǎn;短;dyún;कम;قصيرة;короткая;সংক্ষিপ্ত;ショート
short (stature);short;bajo;baixo;petit;低;dī;低;dāi;कम;قليل;низкий;কম;低いです
shoulder;shoulder;hombro;ombro;épaule;肩膀;jiānbǎng;肩膀;gīnbóng;कंधा;كتف;плечо;অংস;ショルダー
sick;sick;enfermo;doente;malade;生病;shēngbìng;生病;sāangbeng;बीमार;مرض;больной;অসুস্থ;病気
side;side;lado;lado;côté;边;biān;边;bīn;पक्ष;الجانب;сторона;পাশ;側
sign (indication);sign;signo;placa;panneau;标志;biāozhì;标志;bīuzî;संकेत;إشارة;знак;চিহ্ন;符号
sign (write);sign;firmar;assinar;signer;标志;biāozhì;标志;bīuzî;संकेत;إشارة;знак;চিহ্ন;符号
silver;silver;plata;prata;argent;银;yín;银;ngàn;चांदी;فضة;серебро;রূপা;銀
sing;sing;cantar;cantar;chanter;唱歌;chànggē;唱歌;côenggō;गाओ;يغني;петь;Sing;歌う
sink;sink;lavabo;pia;lavabo;NA;NA;NA;NA;NA;حوض غسيل;NA;NA;NA
sister;sister;hermana;irmã;sœur;姐姐;jiějie;姐姐;zézé;बहन;أخت;сестра;বোন;シスター
sit;sit;sentar;sentar;s'asseoir;坐;zuò;坐;zo;बैठिये;تجلس;сидеть;বসা;座る
six;six;seis;seis;six;六;liù;六;luk;छह;ستة;шесть;ছয়;六
sixteen;sixteen;dieciséis;dezesseis;seize;十六;shíliù;十六;sapluk;सोलह;ستة عشر;шестнадцать;ষোল;16
sixty;sixty;sesenta;sessenta;soixante;六十;liùshí;六十;luksap;साठ;ستون;шестьдесят;ষাট;六十
skin;skin;piel;pele;peau;皮肤;pífū;皮肤;pèifū;त्वचा;بشرة;кожа;চামড়া;肌
skirt;skirt;falda;saia;jupe;短裙;duǎnqún;短裙;dyúnkwàn;स्कर्ट;تنورة;юбка;স্কার্ট;スカート
sky;sky;cielo;céu;ciel;天空;tiānkōng;天空;tīnhūng;आकाश;سماء;небо;আকাশ;空
sleep;sleep;dormir;dormir;dormir;睡觉;shuìjiào;睡觉;seoigâau;नींद;ينام;спать;ঘুম;睡眠
slow;slow;lento;lento;lent;慢;màn;慢;maan;धीरे;بطيء;медленный;ধীর;スロー
small;small;pequeño;pequeno;petit;小;xiǎo;小;síu;छोटा;صغير;маленький;ছোট;小さい
smell;smell;oler;cheirar;sentir;闻;wén;闻;màn;गंध;يشم;запах;গন্ধ;香り
smile;smile;sonrisa;sorriso;sourire;微笑;wēixiào;微笑;mèisîu;मुस्कुराओ;ابتسامة;улыбка;হাসা;スマイル
snake;snake;serpiente;cobra;serpent;蛇;shé;蛇;sè;साँप;ثعبان;змея;সাপ;ヘビ
snow;snow;nieve;neve;neige;雪;xuě;雪;syût;हिमपात;ثلج;снег;তুষার;雪
soap;soap;jabón;sabonete;savon;肥皂;féizào;肥皂;fèizou;साबुन;صابون;мыло;সাবান;石鹸
sock;sock;media;meia;chaussette;NA;na;NA;NA;NA;جَوْرَب;NA;NA;NA
soft;soft;suave;suave;doux;柔软;róuruǎn;柔软;jàujyǔn;मुलायम;لين;мягкий;নরম;柔らかい
soil;soil;tierra;terra;terre;土壤;tǔrǎng;土壤;tóujoeng;धरती;أرض;земной шар;পৃথিবী;地球
soldier;soldier;soldado;soldado;soldat;士兵;shìbīng;士兵;sibīng;फोजी;جندي;солдат;সৈনিক;兵士
son;son;hijo;filho;fils;儿子;érzi;儿子;jìzí;बेटा;ابن;сын;পুত্র;息子
song;song;canción;canção;chanson;歌曲;gēqǔ;歌曲;gōkūk;गीत;أغنية;песня;গান;歌
sound;sound;sonido;som;bruit;声音;shēngyīn;声音;sīngjām;ध्वनि;يبدو;звук;শব্দ;音
soup;soup;sopa;sopa;soupe;汤;tāng;汤;tōng;सूप;حساء;суп;সুপ;スープ
south;south;sur;sul;sud;南;nán;南;nàam;दक्षिण;جنوب;юг;দক্ষিণ;南
space;space;espacio;espaço;espace;空间;kōngjiān;空间;hūnggāan;अंतरिक्ष;الفراغ;космос;স্থান;スペース
spade;spade;pala;pá;pelle;NA;na;NA;NA;NA;رَفْش;NA;NA;NA
speak;speak;hablar;falar;parler;说话;shuōhuà;说话;syûtwaa;बोले;تحدث;разговаривать;কথা বলা;話す
sponge;sponge;esponja;esponja;éponge;海绵;hǎimián;海绵;hóimìn;स्पंज;إسفنج;губка;জীবনযাপন করা;スポンジ
spoon;spoon;cuchara;colher;cuillère;勺子;sháozi;勺子;sôekzí;चम्मच;ملعقة;ложка;চামচ;スプーン
sport;sport;deporte;esporte;sport;运动;yùndòng;运动;wandung;खेल;رياضة;спорт;খেলা;スポーツ
spring;spring;primavera;primavera;printemps;春天;chūntiān;春天;cēontīn;बहार ह;الخريف;весна;বসন্ত;春
square;square;cuadrado;quadrado;carré;正方形;zhèngfāngxíng;正方形;zîngfōngjìng;वर्ग;ميدان;квадрат;বর্গক্ষেত্র;平方
stain;stain;mancha;mancha;tache;弄脏;nòngzāng;弄脏;lungzōng;दाग;وصمة;пятно;দাগ;染色
stamp;stamp;estampa;carimbo;timbre;邮票;yóupiào;邮票;jàupîu;डाक टिकट;ختم;печать;ছাপ;切手
stand;stand;estar de pie;ficar de pé;se lever;站立;zhànlì;站立;zaamlaap;खड़ा;يفهم;стоять;থাকা;スタンド
star;star;estrella;estrela;étoile;星星;xīngxing;星星;sīngsīng;तारा;نجمة;звезда;তারকা;星
stem;stem;tallo;tronco;tige;NA;na;NA;NA;NA;ساق نبات;NA;NA;NA
stick;stick;palo;graveto;bâton;戳;chuō;戳;côek;छड़ी;عصا;палка;লাঠি;スティック
stomach;stomach;estómago;estômago;estomac;胃;wèi;胃;wai;पेट;مَعِدة;желудок;পেট;胃
stone;stone;piedra;pedra;pierre;石头;shítou;石头;sektàu;पत्थर;حصاة;камень;পাথর;結石
stop;stop;detener;parar;arrêter;停止;tíngzhǐ;停止;tìngzí;रुकें;قف;остановка;স্টপ;やめる
store;store;tienda;loja;boutique;店铺;diànpù;店铺;dîmpôu;दुकान;محل;хранить;দোকান;お店
straight;straight;derecho;reto;droit;直;zhí;直;zik;सीधे;مستقيم;прямой;সোজা;まっすぐな
street;street;calle;rua;rue;街道;jiēdào;街道;gāaidou;सड़क;شارع;улица;রাস্তা;通り
strong;strong;fuerte;forte;fort;强;qiáng;强;kòeng;बलवान;قوي;сильный;শক্তিশালী;強い
student;student;estudiante;estudante;étudiant;学生;xuésheng;学生;hoksāng;छात्र;طالِب;ученик;ছাত্র;学生
sugar;sugar;azúcar;açúcar;sucre;糖;táng;糖;tòng;चीनी;السكر;сахар;চিনি;シュガー
suit;suit;traje;traje;costume;套装;tàozhuāng;套装;tôuzōng;सूट;تناسب;подходить;মামলা;スーツ
summer;summer;verano;verão;été;夏天;xiàtiān;夏天;haatīn;गर्मी;الصيف;летом;গ্রীষ্ম;夏
sun;sun;sol;sol;soleil;太阳;tàiyáng;太阳;tâaijòeng;रवि;شمس;солнце;সূর্য;太陽
Sunday;Sunday;domingo;domingo;dimanche;星期日;xīngqīrì;星期日;sīngkèijat;रविवार;الأحد;воскресенье;রবিবার;日曜日
sweat;sweat;sudor;suor;transpiration;汗;hán;汗;hòn;पसीना;عرق;пот;ঘাম;汗
swim;swim;nadar;nadar;nager;游泳;yóuyǒng;游泳;jàuwing;तैराकी;سباحة;плавать;সন্তরণ;泳ぐ
T-shirt;T-shirt;camiseta;camisa;tee-shirt;衬衫;chènshān;衬衫;cânsāam;कमीज;قميص;рубашка;শার্ট;シャツ
table;table;mesa;mesa;table;桌子;zhuōzi;桌子;côekzí;टेबल;طاولة;стол;টেবিল;テーブル
tail;tail;cola;rabo;queue;NA;na;NA;NA;NA;ذَيْل;NA;NA;NA
take;take;recibir;receber;recevoir;接受;jiēshòu;接受;zîpsau;प्राप्त करने के लिए;يَأخُذ;получать;গ্রহণ করতে;受信します
tall;tall;alto;alto;haut;高;gāo;高;gōu;उच्च;متوسط;высоко;উচ্চ;高い
taste;taste;probar;provar;goûter;品尝;pǐncháng;品尝;bánsòeng;स्वाद;ذوق;вкус;স্বাদ;味
tea;tea;té;chá;thé;茶;chá;茶;càa;चाय;شاي;чай;চা;お茶
teach;teach;enseñar;ensinar;enseigner;教;jiào;教;gâau;शिक्षा देने के लिए;يُعَلِّم;учить;শেখান;教えるために
teacher;teacher;profesor;professor;professeur;老师;lǎoshī;老师;lǒusī;अध्यापक;معلم;учитель;শিক্ষক;先生
team;team;equipo;equipe;équipe;团队;tuánduì;团队;tyùndéoi;टीम;فريق;команда;টীম;チーム
tear;tear;lágrima;lágrima;larme;眼泪;yǎnlèi;眼泪;ngǎanleoi;आँसू;يقطع;рвать;টিয়ার;涙
technology;technology;tecnología;tecnologia;technologie;技术;jìshù;技术;geiseot;प्रौद्योगिकी;تقنية;технологии;প্রযুক্তি;技術
telephone;telephone;teléfono;telefone;téléphone;电话;diànhuà;电话;dinwáa;टेलीफोन;هاتف;телефон;টেলিফোন;電話
television;television;televisión;televisão;télévision;电视;diànshì;电视;dinsi;टीवी;تلفزيون;телевидение;টেলিভিশন;テレビ
temperature;temperature;temperatura;temperatura;température;温度;wēndù;温度;wāndou;तापमान;درجة الحرارة;температура;তাপমাত্রা;温度
ten;ten;diez;dez;dix;十;shí;十;sap;दस;عشرة;десять;দশ;十
theater;theater;teatro;teatro;théâtre;剧院;jùyuàn;剧院;kekjyún;थिएटर;مسرح;театр;থিয়েটার;劇場
there;there;allá;lá;là;那里;nàli;那里;nǎalěoi;क्या आप वहां मौजूद हैं;هناك;там;সেখানে;そこ
they;they;ellos;elas;elles;他们;tāmen;他们;tāamùn;वे;أنهم;oни;তারা;彼ら
thick;thick;grueso;grosso;épais;厚;hòu;厚;hǎu;मोटा;سميك;толстый;পুরু;厚い
thin;thin;delgado;fino;fin;薄薄;bóbó;薄薄;bokbok;पतला;نحيف;тонкий;পাতলা;薄い
think;think;pensar;achar;penser;思考;sīkǎo;思考;sīháau;सोच;فكر في;считать;মনে;考えます
third;third;tercero;terceiro;troisième;第三;#ERROR!;第三;daisāam;तीसरा;الثالث;третий;তৃতীয়;第三
thirteen;thirteen;trece;treze;treize;十三;shísān;十三;sapsāam;तेरह;ثلاثة عشر;тринадцать;তের;13
thirty;thirty;treinta;trinta;trente;三十;sānshí;三十;sāamsap;तीस;ثلاثون;три́дцать;ত্রিশ;30
thousand;thousand;mil;mil;mille;一千;yīqiān;一千;jātcīn;हज़ार;ألف;тысяча;হাজার;千
thread;thread;hilo;fio;fil;NA;na;NA;NA;NA;خَيْط;NA;NA;NA
three;three;tres;três;trois;三;sān;三;sāam;तीन;ثلاثة;три;তিন;三
throat;throat;garganta;garganta;gorge;喉;hóu;喉;hàu;गले;حَلْق;горло;গলা;喉
throw;throw;lanzar;lançar;lancer;扔;rēng;扔;wīng;फेंकना;يَرمي;бросать;নিক্ষেপ;スロー
thumb;thumb;pulgar;polegar;pouce;拇指;mǔzhǐ;拇指;mǒuzí;अंगूठे;إبهام;большой палец;অঙ্গুষ্ঠ;親指
Thursday;Thursday;jueves;quinta-feira;jeudi;周四;zhōusì;周四;zāusêi;गुरूवार;يوم الخميس;четверг;বৃহস্পতিবার;木曜日
ticket;ticket;boleto;bilhete;billet;票;piào;票;pîu;टिकट;تذكرة;проездной билет;টিকেট;チケット
tight;tight;apretado;apertado;serré;紧;jǐn;紧;gán;तंग;مشدود;обтягивающий;আঁট;タイト
time;time;tiempo;tempo;temps;时间;shíjiān;时间;sìgâan;समय;وقت;время;সময়;時間
tire;tire;neumático;pneu;pneu;胎;tāi;胎;tōi;टायर;إطار العجلة;шина;পাগড়ি;タイヤ
toe;toe;dedo del pie;dedo do pé;orteil;脚趾;jiǎozhǐ;脚趾;gôekzí;पैर की अंगुली;إصبع قدم;палец;পদাঙ্গুলি;足の指
together;together;juntos;juntos;ensemble;一起;yīqǐ;一起;jāthéi;साथ में;سويا;вместе;একসঙ্গে;一緒
tongue;tongue;lengua;língua;langue;舌头;shétou;舌头;sîttàu;जुबान;لسان;язык;জিহ্বা;舌
tool;tool;herramienta;ferramenta;outil;工具;gōngjù;工具;gūnggeoi;साधन;أداة;инструмент;টুল;ツール
tooth;tooth;diente;dente;dent;齿;chǐ;齿;cí;दांत;سن;зуб;দাঁত;歯
top;top;cima;topo;haut;最佳;zuìjiā;最佳;zêoigāai;ऊपर;أعلى;верх;শীর্ষ;上
touch;touch;tocar;tocar;toucher;触摸;chùmō;触摸;zūkmó;छूना;يَلْمِس;трогать;স্পর্শ করতে;触る
town;town;pueblo;povoado;ville;镇;zhèn;镇;zân;नगर;بلدة;городок;শহর;町
train station;train station;estación de tren;estação de trem;gare;火车站;huǒchēzhàn;火车站;fócēzaam;रेलवे स्टेशन;محطة القطار;железнодорожная станция;রেল ষ্টেশন;でんしゃのりば
train;train;tren;trem;train;火车;huǒchē;火车;fócē;रेल गाडी;قطار;тренироваться;রেলগাড়ি;列車
transportation;transportation;transporte;transporte;transport;运输;yùnshū;运输;wansyū;ट्रांसपोर्ट;المواصلات;транспорт;পরিবহন;輸送
tray;tray;bandeja;bandeja;plateau;托盘;tuōpán;托盘;tôkpùn;ट्रे;علبة;поднос;ট্রে;トレイ
tree;tree;árbol;árvore;arbre;树;shù;树;syu;पेड़;شجرة;дерево;গাছ;木
truck;truck;camión;caminhão;camion;卡车;kǎchē;卡车;kāacē;ट्रक;شاحِنة;грузови́к;ট্রাক;トラック
Tuesday;Tuesday;martes;terça-feira;mardi;周二;zhōuèr;周二;zāuji;मंगलवार;يوم الثلاثاء;вторник;মঙ্গলবার;火曜日
turn;turn;girar;virar;tourner;NA;na;NA;NA;मोड़;يَنْعَطِف;повернуть;চালু;順番
twelve;twelve;doce;doze;douze;十二;shíèr;十二;sapji;बारह;اثني عشر;двенадцать;বার;12
twenty-one;twenty-one;veintiuno;vinte e um;vingt-et-un;二十一;èrshíyī;二十一;jisapjāt;इक्कीस;واحد وعشرين;двадцать один;একুশ;21
twenty;twenty;veinte;vinte;vingt;二十;èrshí;二十;jisap;बीस;عشرون;двадцать;বিশ;二十
two;two;dos;dois;deux;二;èr;二;ji;दो;اثنين;два;দুই;二
ugly;ugly;feo;feio;moche;丑陋;chǒulòu;丑陋;cáulau;कुरूप;قَبيح;уродливый;অরুপ;醜い
umbrella;umbrella;sombrilla;sombrinha;ombrelle;NA;na;NA;NA;NA;مِظَلّة;NA;NA;NA
university;university;universidad;universidade;université;大学;dàxué;大学;daaihok;विश्वविद्यालय;جامعة;университет;বিশ্ববিদ্যালয়;大学
up;up;arriba;acima;dessus;以上;yǐshàng;以上;jǐsoeng;ऊपर;فوق;над;উপরে;上記
valley;valley;valle;vale;vallée;谷;gǔ;谷;gūk;घाटी;الوادي;долина;উপত্যকা;谷
victim;victim;víctima;vítima;victime;受害者;shòuhàizhě;受害者;sauhoizé;शिकार;ضحية;жертва;শিকার;犠牲者
voice;voice;voz;voz;voix;嗓音;sǎngyīn;嗓音;sōngjām;आवाज़;صَوْت;голос;কণ্ঠস্বর;ボイス
vowel;vowel;vocal;vogal;voyelle;元音;yuányīn;元音;jyùnjām;स्वर;حَرْف مُتَحَرِّك;гласный;স্বরবর্ণ;母音
wait;wait;esperar;esperar;attendre;等待;děngdài;等待;dángdoi;रुको;انتظر;ждать;অপেক্ষার;待つ
waiter;waiter;camarero;garçom;garçon;服务员;fúwùyuán;服务员;fukmoujyùn;वेटर;النادل;официант;ওয়েটার;ウェイター
wake up;wake up;despertar;acordar;réveiller;起床;qǐchuáng;起床;héicòng;जागृत करने के लिए;استيقظ;проснуться;জেগে উঠতে;起きる
walk;walk;caminar;andar;marcher;走;zǒu;走;záu;टहल लो;سير;ходить;পদব্রজে ভ্রমণ;歩く
wall;wall;pared;parede;mur;墙;qiáng;墙;còeng;दीवार;حائط;стена;প্রাচীর;壁
want;want;querer;quer;vouloir;想;xiǎng;想;sóeng;चाहते हैं;يريد;хотеть;প্রয়োজন;欲しい
war;war;guerra;guerra;guerre;战争;zhànzhēng;战争;zînzāng;युद्ध;حرب;война;যুদ্ধ;戦争
warm;warm;caliente;morno;chaud;热;rè;热;jit;गरम;الحار;горячей;গরম;ホット
wash;wash;lavar;lavar;laver;洗;xǐ;洗;sái;धोना;لغسل;мыть;ধুতে;洗う
watch;watch;ver;assistir;regarder;手表;shǒubiǎo;手表;sáubīu;घड़ी;راقب;смотреть;ঘড়ি;見る
water;water;agua;água;eau;水;shuǐ;水;séoi;पानी;ماء;вода;পানি;水
wave;wave;ola;onda;vague;海浪;hǎilàng;海浪;hóilong;लहर;موجة;волна;তরঙ্গ;波
we;we;nosotros;nós;nous;我们;wǒmen;我们;ngǒmùn;हम;نحن;мы;আমরা;私達
weak;weak;débil;fraco;faible;虚弱;xūruò;虚弱;hēoijoek;कमज़ोर;ضعيف;слабый;দুর্বল;弱い
wear;wear;vestir;vestir;porter;穿;chuān;穿;cyūn;पहन लेना;يَرْتَدي;носить;পরিধান;着る
wedding;wedding;boda;casamento;mariage;婚礼;hūnlǐ;婚礼;fānlǎi;शादी;حفل زواج;свадьба;বিবাহ;結婚式
Wednesday;Wednesday;miércoles;quarta-feira;mercredi;周三;zhōusān;周三;zāusāam;बुधवार;الأربعاء;среда;বুধবার;水曜日
week;week;semana;semana;semaine;星期;xīngqī;星期;sīngkèi;सप्ताह;أسبوع;неделю;সপ্তাহ;週間
weight;weight;peso;peso;poids;重量;zhòngliàng;重量;zungloeng;वजन;وزن;масса;ওজন;重量
west;west;oeste;oeste;ouest;西;xī;西;sāi;पश्चिम;غرب;запад;পশ্চিম;西
wet;wet;mojado;molhado;mouillé;湿;shī;湿;sāp;भीगी भीगी;مبلل;смачивать;ভিজা;ぬれました
wheel;wheel;rueda;roda;roue;车轮;chēlún;车轮;cēlèon;पहिया;عجلة;колесо;চাকা;ホイール
whip;whip;látigo;chicote;fouet;鞭子;biānzi;鞭子;bīnzí;कोड़ा;سوط;хлыст;চাবুক;ホイップ
whistle;whistle;pito;apito;siffler;哨;shào;哨;sâau;सीटी;صفارة;свист;বাঁশি;ホイッスル
white;white;blanco;branco;blanc;白色;báisè;白色;baaksīk;सफेद;أبيض;белый;সাদা;白い
wide;wide;amplio;amplo;large;宽;kuān;宽;fūn;चौड़ा;واسع;широкий;প্রশস্ত;広い
wife;wife;esposa;esposa;épouse;妻子;qīzi;妻子;cāizí;बीवी;زوجة;жена;স্ত্রী;妻
win;win;ganar;ganhar;gagner;取胜;qǔshèng;取胜;céoisîng;जीतने के लिए;يَفوز;побеждать;জেতার জন্য;勝つために
wind;wind;viento;vento;vent;风;fēng;风;fūng;हवा;ريح;ветер;বায়ু;風
window;window;ventana;janela;fenêtre;窗户;chuānghù;窗户;cōengwu;खिड़की;نافِذة;окно;জানলা;窓
wine;wine;vino;vinho;vin;葡萄酒;pútaojiǔ;葡萄酒;pòutòuzáu;वाइन;نبيذ;вино;মদ;ワイン
wing;wing;ala;asa;aile;翅膀;chìbǎng;翅膀;cîpòng;विंग;جناح;крыло;গরূৎ;羽
winter;winter;invierno;inverno;hiver;冬天;dōngtiān;冬天;dūngtīn;सर्दी;الشتاء;зима;শীতকালীন;冬
wire;wire;cable;arame;fil;线;xiàn;线;sîn;वायर;الأسلاك;провод;টেলিগ্রাম;ワイヤー
woman;woman;mujer;mulher;femme;女士;nǚshì;女士;něoisi;महिला;النساء;женщина;নারী;女性
wood;wood;madera;madeira;bois;木头;mùtou;木头;muktàu;लकड़ी;خشب;дерево;কাঠ;木材
work;work;trabajar;trabalhar;travailler;工作;gōngzuò;工作;gūngzôk;काम करने के लिए;للعمل;работать;কাজ করতে;仕事へ
world;world;mundo;mundo;monde;世界;shìjiè;世界;sâigâai;विश्व;العالمية;мир;বিশ্ব;世界
worm;worm;gusano;verme;ver;虫;chóng;虫;cùng;कीड़ा;دودة;червь;কীট;ワーム
write;write;escribir;escrever;écrire;写;xiě;写;sé;लिखना;يَكْتُب;написать;লিখতে;書く
year;year;año;ano;an;年;nián;年;nìn;साल;عام;год;বছর;年
yellow;yellow;amarillo;amarelo;jaune;黄色;huángsè;黄色;wòngsīk;पीला;أصفر;желтый;হলুদ;黄
yes;yes;sí;sim;oui;是;shì;是;si;हाँ;نعم;да;হ্যাঁ;はい
you (plural);you;ustedes;vocês;vous;你们;nǐmen;你们;něimùn;आप प;أنتم;вы;আপনি;あなた達
you (singular);you;tú;você;toi;你;nǐ;你;něi;आप प;انتَ;ты;আপনি;あなたは
young;young;joven;jovem;jeune;年轻;niánqīng;年轻;nìnhēng;युवा;صغيرة;молодой;তরুণ;若い
zero;zero;cero;zero;zéro;零;líng;零;lìng;शून्य;صفر;нуль;শূন্য;ゼロ
